# Blender 4.1.1
# www.blender.org
o Cube.023
v -27.289745 -27.289755 27.289755
v -27.289753 27.289755 27.289747
v -27.289753 -27.289755 -27.289747
v -27.289747 27.289755 -27.289753
v 27.289753 -27.289755 27.289747
v 27.289747 27.289755 27.289753
v 27.289747 -27.289755 -27.289753
v 27.289753 27.289755 -27.289747
v -28.467316 -28.467314 0.000000
v -28.467316 0.000000 28.467316
v -28.467308 28.467308 0.000000
v -28.467316 0.000000 -28.467316
v 0.000000 -28.467316 -28.467316
v 0.000000 28.467308 -28.467308
v 28.467316 0.000000 -28.467316
v 28.467316 -28.467316 0.000000
v 28.467316 28.467316 0.000000
v 28.467316 0.000000 28.467316
v 0.000000 -28.467314 28.467316
v 0.000000 28.467316 28.467316
v 0.000000 32.000000 0.000000
v 0.000000 -32.000000 0.000000
v 0.000000 0.000000 32.000000
v 32.000000 0.000000 0.000000
v 0.000000 0.000000 -32.000000
v -32.000000 0.000000 0.000000
v -28.467314 -28.467316 16.000000
v -28.467316 16.000000 28.467316
v -28.467308 28.467308 -16.000000
v -28.467316 -16.000000 -28.467316
v -16.000000 -28.467316 -28.467316
v 16.000000 28.467308 -28.467308
v 28.467316 -16.000000 -28.467316
v 28.467316 -28.467316 -16.000000
v 28.467316 28.467316 16.000000
v 28.467316 -16.000000 28.467316
v 16.000000 -28.467316 28.467314
v -16.000000 28.467316 28.467316
v -28.467314 -28.467316 -16.000000
v -28.467316 -16.000000 28.467316
v -28.467308 28.467308 16.000000
v -28.467316 16.000000 -28.467316
v 16.000000 -28.467316 -28.467316
v -16.000000 28.467308 -28.467308
v 28.467316 16.000000 -28.467316
v 28.467316 -28.467316 16.000000
v 28.467316 28.467316 -16.000000
v 28.467316 16.000000 28.467316
v -16.000000 -28.467316 28.467314
v 16.000000 28.467316 28.467316
v 0.000000 32.000000 16.000000
v 0.000000 32.000000 -16.000000
v 16.000000 32.000000 0.000000
v -16.000000 32.000000 0.000000
v 0.000000 -32.000000 16.000000
v 0.000000 -32.000000 -16.000000
v -16.000000 -32.000000 0.000000
v 16.000000 -32.000000 0.000000
v -16.000000 0.000000 32.000000
v 16.000000 0.000000 32.000000
v 0.000000 -16.000000 32.000000
v 0.000000 16.000000 32.000000
v 32.000000 0.000000 16.000000
v 32.000000 0.000000 -16.000000
v 32.000000 -16.000000 0.000000
v 32.000000 16.000000 0.000000
v 16.000000 0.000000 -32.000000
v -16.000000 0.000000 -32.000000
v 0.000000 -16.000000 -32.000000
v 0.000000 16.000000 -32.000000
v -32.000000 0.000000 -16.000000
v -32.000000 0.000000 16.000000
v -32.000000 -16.000000 0.000000
v -32.000000 16.000000 0.000000
v -32.000000 16.000000 16.000000
v -32.000000 -16.000000 16.000000
v -32.000000 -16.000000 -16.000000
v -16.000000 16.000000 -32.000000
v -16.000000 -16.000000 -32.000000
v 16.000000 -16.000000 -32.000000
v 32.000000 16.000000 -16.000000
v 32.000000 -16.000000 -16.000000
v 32.000000 -16.000000 16.000000
v 16.000000 16.000000 32.000000
v 16.000000 -16.000000 32.000000
v -16.000000 -16.000000 32.000000
v 16.000000 -32.000000 -16.000000
v -16.000000 -32.000000 -16.000000
v -16.000000 -32.000000 16.000000
v -16.000000 32.000000 -16.000000
v 16.000000 32.000000 -16.000000
v 16.000000 32.000000 16.000000
v -16.000000 32.000000 16.000000
v 16.000000 -32.000000 16.000000
v -16.000000 16.000000 32.000000
v 32.000000 16.000000 16.000000
v 16.000000 16.000000 -32.000000
v -32.000000 16.000000 -16.000000
v -28.338768 -28.338770 23.160671
v -28.338768 23.160671 28.338768
v -28.338762 28.338760 -23.160671
v -28.338768 -23.160671 -28.338766
v -23.160671 -28.338766 -28.338768
v 23.160671 28.338758 -28.338762
v 28.338766 -23.160671 -28.338768
v 28.338768 -28.338768 -23.160671
v 28.338766 28.338766 23.160671
v 28.338768 -23.160671 28.338766
v 23.160671 -28.338766 28.338768
v -23.160671 28.338766 28.338766
v -28.467316 -28.467314 -8.000000
v -28.467316 -8.000000 28.467316
v -28.467308 28.467308 8.000000
v -28.467316 8.000000 -28.467316
v 8.000000 -28.467316 -28.467316
v -8.000000 28.467308 -28.467308
v 28.467316 8.000000 -28.467316
v 28.467316 -28.467316 8.000000
v 28.467316 28.467316 -8.000000
v 28.467316 8.000000 28.467316
v -8.000000 -28.467316 28.467314
v 8.000000 28.467316 28.467316
v 0.000000 31.451790 23.451794
v 0.000000 32.000000 -8.000000
v 23.451794 31.451790 0.000000
v -8.000000 32.000000 0.000000
v 0.000000 -31.451790 23.451794
v 0.000000 -32.000000 -8.000000
v -23.451794 -31.451790 0.000000
v 8.000000 -32.000000 0.000000
v -23.451794 0.000000 31.451790
v 8.000000 0.000000 32.000000
v 0.000000 -23.451794 31.451790
v 0.000000 8.000000 32.000000
v 31.451790 0.000000 23.451794
v 32.000000 0.000000 -8.000000
v 31.451790 -23.451794 0.000000
v 32.000000 8.000000 0.000000
v 23.451794 0.000000 -31.451790
v -8.000000 0.000000 -32.000000
v 0.000000 -23.451794 -31.451790
v 0.000000 8.000000 -32.000000
v -31.451790 0.000000 -23.451794
v -32.000000 0.000000 8.000000
v -31.451790 -23.451794 0.000000
v -32.000000 8.000000 0.000000
v -28.467316 -28.467314 8.000000
v -28.467316 8.000000 28.467316
v -28.467308 28.467308 -8.000000
v -28.467316 -8.000000 -28.467316
v -8.000000 -28.467316 -28.467316
v 8.000000 28.467308 -28.467308
v 28.467316 -8.000000 -28.467316
v 28.467316 -28.467316 -8.000000
v 28.467316 28.467316 8.000000
v 28.467316 -8.000000 28.467316
v 8.000000 -28.467314 28.467316
v -8.000000 28.467316 28.467316
v -28.338766 -28.338770 -23.160671
v -28.338766 -23.160671 28.338770
v -28.338760 28.338762 23.160671
v -28.338768 23.160671 -28.338768
v 23.160671 -28.338770 -28.338766
v -23.160671 28.338762 -28.338760
v 28.338768 23.160671 -28.338768
v 28.338766 -28.338770 23.160671
v 28.338768 28.338770 -23.160671
v 28.338768 23.160671 28.338768
v -23.160671 -28.338770 28.338766
v 23.160671 28.338770 28.338768
v 0.000000 32.000000 8.000000
v 0.000000 31.451790 -23.451794
v 8.000000 32.000000 0.000000
v -23.451794 31.451790 0.000000
v 0.000000 -32.000000 8.000000
v 0.000000 -31.451790 -23.451794
v -8.000000 -32.000000 0.000000
v 23.451794 -31.451790 0.000000
v -8.000000 0.000000 32.000000
v 23.451794 0.000000 31.451790
v 0.000000 -8.000000 32.000000
v 0.000000 23.451794 31.451790
v 32.000000 0.000000 8.000000
v 31.451790 0.000000 -23.451794
v 32.000000 -8.000000 0.000000
v 31.451790 23.451794 0.000000
v 8.000000 0.000000 -32.000000
v -23.451794 0.000000 -31.451790
v 0.000000 -8.000000 -32.000000
v 0.000000 23.451794 -31.451790
v -32.000000 0.000000 -8.000000
v -31.451790 0.000000 23.451794
v -32.000000 -8.000000 0.000000
v -31.451790 23.451794 0.000000
v -32.000000 16.000000 8.000000
v -31.451790 16.000000 23.451794
v -32.000000 8.000000 16.000000
v -31.451790 23.451794 16.000000
v -32.000000 -16.000000 8.000000
v -31.451790 -16.000000 23.451794
v -31.451790 -23.451794 16.000000
v -32.000000 -8.000000 16.000000
v -31.451790 -16.000000 -23.451794
v -32.000000 -16.000000 -8.000000
v -31.451790 -23.451794 -16.000000
v -32.000000 -8.000000 -16.000000
v -8.000000 16.000000 -32.000000
v -23.451794 16.000000 -31.451790
v -16.000000 8.000000 -32.000000
v -16.000000 23.451794 -31.451790
v -8.000000 -16.000000 -32.000000
v -23.451794 -16.000000 -31.451790
v -16.000000 -23.451794 -31.451790
v -16.000000 -8.000000 -32.000000
v 23.451794 -16.000000 -31.451790
v 8.000000 -16.000000 -32.000000
v 16.000000 -23.451794 -31.451790
v 16.000000 -8.000000 -32.000000
v 32.000000 16.000000 -8.000000
v 31.451790 16.000000 -23.451794
v 32.000000 8.000000 -16.000000
v 31.451790 23.451794 -16.000000
v 32.000000 -16.000000 -8.000000
v 31.451790 -16.000000 -23.451794
v 31.451790 -23.451794 -16.000000
v 32.000000 -8.000000 -16.000000
v 31.451790 -16.000000 23.451794
v 32.000000 -16.000000 8.000000
v 31.451790 -23.451794 16.000000
v 32.000000 -8.000000 16.000000
v 8.000000 16.000000 32.000000
v 23.451794 16.000000 31.451790
v 16.000000 8.000000 32.000000
v 16.000000 23.451794 31.451790
v 8.000000 -16.000000 32.000000
v 23.451794 -16.000000 31.451790
v 16.000000 -23.451794 31.451790
v 16.000000 -8.000000 32.000000
v -23.451794 -16.000000 31.451790
v -8.000000 -16.000000 32.000000
v -16.000000 -23.451794 31.451790
v -16.000000 -8.000000 32.000000
v 16.000000 -32.000000 -8.000000
v 16.000000 -31.451790 -23.451794
v 8.000000 -32.000000 -16.000000
v 23.451794 -31.451790 -16.000000
v -16.000000 -32.000000 -8.000000
v -16.000000 -31.451790 -23.451794
v -23.451794 -31.451790 -16.000000
v -8.000000 -32.000000 -16.000000
v -16.000000 -31.451790 23.451794
v -16.000000 -32.000000 8.000000
v -23.451794 -31.451790 16.000000
v -8.000000 -32.000000 16.000000
v -16.000000 32.000000 -8.000000
v -16.000000 31.451790 -23.451794
v -8.000000 32.000000 -16.000000
v -23.451794 31.451790 -16.000000
v 16.000000 32.000000 -8.000000
v 16.000000 31.451790 -23.451794
v 23.451794 31.451790 -16.000000
v 8.000000 32.000000 -16.000000
v 16.000000 31.451790 23.451794
v 16.000000 32.000000 8.000000
v 23.451794 31.451790 16.000000
v 8.000000 32.000000 16.000000
v -16.000000 31.451790 23.451794
v -16.000000 32.000000 8.000000
v -8.000000 32.000000 16.000000
v -23.451794 31.451790 16.000000
v 16.000000 -31.451790 23.451794
v 16.000000 -32.000000 8.000000
v 8.000000 -32.000000 16.000000
v 23.451794 -31.451790 16.000000
v -23.451794 16.000000 31.451790
v -8.000000 16.000000 32.000000
v -16.000000 8.000000 32.000000
v -16.000000 23.451794 31.451790
v 31.451790 16.000000 23.451794
v 32.000000 16.000000 8.000000
v 32.000000 8.000000 16.000000
v 31.451790 23.451794 16.000000
v 23.451794 16.000000 -31.451790
v 8.000000 16.000000 -32.000000
v 16.000000 8.000000 -32.000000
v 16.000000 23.451794 -31.451790
v -31.451790 16.000000 -23.451794
v -32.000000 16.000000 -8.000000
v -32.000000 8.000000 -16.000000
v -31.451790 23.451794 -16.000000
v -31.451790 23.451792 -8.000000
v -32.000000 8.000000 -8.000000
v -31.451790 8.000000 -23.451794
v 8.000000 23.451792 -31.451790
v 8.000000 8.000000 -32.000000
v 23.451794 8.000000 -31.451790
v 31.451790 23.451792 8.000000
v 32.000000 8.000000 8.000000
v 31.451790 8.000000 23.451794
v -8.000000 23.451792 31.451790
v -8.000000 8.000000 32.000000
v -23.451794 8.000000 31.451790
v 23.451792 -31.451790 8.000000
v 8.000000 -32.000000 8.000000
v 8.000000 -31.451790 23.451794
v -23.451792 31.451790 8.000000
v -8.000000 32.000000 8.000000
v -8.000000 31.451790 23.451794
v 8.000000 32.000000 8.000000
v 23.451794 31.451790 8.000000
v 23.505981 30.795202 23.505981
v 8.000000 31.451790 -23.451794
v 23.505981 30.795200 -23.505981
v 23.451794 31.451790 -8.000000
v -23.505981 30.795202 -23.505981
v -8.000000 31.451790 -23.451794
v -8.000000 32.000000 -8.000000
v -8.000000 -32.000000 8.000000
v -23.451794 -31.451790 8.000000
v -23.505981 -30.795202 23.505981
v -8.000000 -31.451790 -23.451794
v -23.505981 -30.795200 -23.505981
v -23.451794 -31.451790 -8.000000
v 23.505981 -30.795202 -23.505981
v 8.000000 -31.451790 -23.451794
v 8.000000 -32.000000 -8.000000
v -8.000000 -8.000000 32.000000
v -8.000000 -23.451794 31.451790
v -23.505981 -23.505981 30.795202
v 23.451794 -8.000000 31.451790
v 23.505981 -23.505981 30.795200
v 8.000000 -23.451794 31.451790
v 23.505981 23.505981 30.795202
v 23.451794 8.000000 31.451790
v 8.000000 8.000000 32.000000
v 32.000000 -8.000000 8.000000
v 31.451790 -23.451794 8.000000
v 30.795202 -23.505981 23.505981
v 31.451790 -8.000000 -23.451794
v 30.795200 -23.505981 -23.505981
v 31.451790 -23.451794 -8.000000
v 30.795202 23.505981 -23.505981
v 31.451790 8.000000 -23.451794
v 32.000000 8.000000 -8.000000
v 8.000000 -8.000000 -32.000000
v 8.000000 -23.451794 -31.451790
v 23.505981 -23.505981 -30.795202
v -23.451794 -8.000000 -31.451790
v -23.505981 -23.505981 -30.795200
v -8.000000 -23.451794 -31.451790
v -23.505981 23.505981 -30.795202
v -23.451794 8.000000 -31.451790
v -8.000000 8.000000 -32.000000
v -32.000000 -8.000000 -8.000000
v -31.451790 -23.451794 -8.000000
v -30.795202 -23.505981 -23.505981
v -31.451790 -8.000000 23.451794
v -30.795200 -23.505981 23.505981
v -31.451790 -23.451794 8.000000
v -30.795202 23.505981 23.505981
v -31.451790 8.000000 23.451794
v -32.000000 8.000000 8.000000
v -31.451790 23.451792 8.000000
v -32.000000 -8.000000 8.000000
v -31.451790 -8.000000 -23.451794
v -8.000000 23.451792 -31.451790
v -8.000000 -8.000000 -32.000000
v 23.451794 -8.000000 -31.451790
v 31.451790 23.451792 -8.000000
v 32.000000 -8.000000 -8.000000
v 31.451790 -8.000000 23.451794
v 8.000000 23.451792 31.451790
v 8.000000 -8.000000 32.000000
v -23.451794 -8.000000 31.451790
v 23.451792 -31.451790 -8.000000
v -8.000000 -32.000000 -8.000000
v -8.000000 -31.451790 23.451794
v -23.451792 31.451790 -8.000000
v 8.000000 32.000000 -8.000000
v 8.000000 31.451790 23.451794
v -23.505981 30.795200 23.505981
v 23.505981 -30.795200 23.505981
v -23.505981 23.505981 30.795200
v 30.795200 23.505981 23.505981
v 23.505981 23.505981 -30.795200
v -30.795200 23.505981 -23.505981
v -27.848892 -27.848885 26.399664
v -27.848890 26.399664 27.848885
v -27.848885 27.848892 -26.399664
v -27.848890 -26.399664 -27.848885
v -26.399664 -27.848885 -27.848892
v 26.399664 27.848892 -27.848885
v 27.848885 -26.399664 -27.848890
v 27.848892 -27.848885 -26.399664
v 27.848885 27.848890 26.399664
v 27.848890 -26.399664 27.848885
v 26.399664 -27.848885 27.848892
v -26.399664 27.848890 27.848885
v -28.467304 -28.467304 -4.000000
v -28.467304 -4.000000 28.467304
v -28.467308 28.467308 4.000000
v -28.467304 4.000000 -28.467304
v 4.000000 -28.467304 -28.467304
v -4.000000 28.467308 -28.467308
v 28.467304 4.000000 -28.467304
v 28.467304 -28.467306 4.000000
v 28.467306 28.467304 -4.000000
v 28.467304 4.000000 28.467304
v -4.000000 -28.467304 28.467304
v 4.000000 28.467304 28.467306
v 0.000000 30.581411 26.581413
v 0.000000 32.000000 -4.000000
v 26.581413 30.581411 0.000000
v -4.000000 32.000000 0.000000
v 0.000000 -30.581411 26.581413
v 0.000000 -32.000000 -4.000000
v -26.581413 -30.581411 0.000000
v 4.000000 -32.000000 0.000000
v -26.581413 0.000000 30.581411
v 4.000000 0.000000 32.000000
v 0.000000 -26.581413 30.581411
v 0.000000 4.000000 32.000000
v 30.581411 0.000000 26.581413
v 32.000000 0.000000 -4.000000
v 30.581411 -26.581413 0.000000
v 32.000000 4.000000 0.000000
v 26.581413 0.000000 -30.581411
v -4.000000 0.000000 -32.000000
v 0.000000 -26.581413 -30.581411
v 0.000000 4.000000 -32.000000
v -30.581411 0.000000 -26.581413
v -32.000000 0.000000 4.000000
v -30.581411 -26.581413 0.000000
v -32.000000 4.000000 0.000000
v -28.467304 -28.467304 11.999998
v -28.467304 11.999998 28.467304
v -28.467308 28.467308 -11.999998
v -28.467304 -11.999998 -28.467304
v -11.999998 -28.467304 -28.467304
v 11.999998 28.467308 -28.467308
v 28.467304 -11.999998 -28.467304
v 28.467304 -28.467306 -11.999998
v 28.467306 28.467304 11.999998
v 28.467304 -11.999998 28.467304
v 11.999998 -28.467304 28.467304
v -11.999998 28.467304 28.467306
v -28.521494 -28.521492 -20.216755
v -28.521494 -20.216755 28.521492
v -28.521498 28.521496 20.216755
v -28.521494 20.216755 -28.521492
v 20.216755 -28.521492 -28.521494
v -20.216755 28.521496 -28.521496
v 28.521492 20.216755 -28.521494
v 28.521496 -28.521496 20.216755
v 28.521494 28.521494 -20.216755
v 28.521494 20.216755 28.521492
v -20.216755 -28.521492 28.521494
v 20.216755 28.521494 28.521494
v 0.000000 32.000000 11.999998
v 0.000000 32.162567 -20.162565
v 11.999998 32.000000 0.000000
v -20.162565 32.162567 0.000000
v 0.000000 -32.000000 11.999998
v 0.000000 -32.162567 -20.162565
v -11.999998 -32.000000 0.000000
v 20.162565 -32.162567 0.000000
v -11.999998 0.000000 32.000000
v 20.162565 0.000000 32.162567
v 0.000000 -11.999998 32.000000
v 0.000000 20.162565 32.162567
v 32.000000 0.000000 11.999998
v 32.162567 0.000000 -20.162565
v 32.000000 -11.999998 0.000000
v 32.162567 20.162565 0.000000
v 11.999998 0.000000 -32.000000
v -20.162565 0.000000 -32.162567
v 0.000000 -11.999998 -32.000000
v 0.000000 20.162565 -32.162567
v -32.000000 0.000000 -11.999998
v -32.162567 0.000000 20.162565
v -32.000000 -11.999998 0.000000
v -32.162567 20.162565 0.000000
v -32.000000 16.000000 4.000000
v -32.162567 16.000000 20.162565
v -32.000000 4.000000 16.000000
v -32.162567 20.162565 16.000000
v -32.000000 -16.000000 4.000000
v -32.162567 -16.000000 20.162565
v -30.581411 -26.581413 16.000000
v -32.000000 -11.999998 16.000000
v -30.581411 -16.000000 -26.581413
v -32.000000 -16.000000 -11.999998
v -30.581411 -26.581413 -16.000000
v -32.000000 -11.999998 -16.000000
v -4.000000 16.000000 -32.000000
v -20.162565 16.000000 -32.162567
v -16.000000 4.000000 -32.000000
v -16.000000 20.162565 -32.162567
v -4.000000 -16.000000 -32.000000
v -20.162565 -16.000000 -32.162567
v -16.000000 -26.581413 -30.581411
v -16.000000 -11.999998 -32.000000
v 26.581413 -16.000000 -30.581411
v 11.999998 -16.000000 -32.000000
v 16.000000 -26.581413 -30.581411
v 16.000000 -11.999998 -32.000000
v 32.000000 16.000000 -4.000000
v 32.162567 16.000000 -20.162565
v 32.000000 4.000000 -16.000000
v 32.162567 20.162565 -16.000000
v 32.000000 -16.000000 -4.000000
v 32.162567 -16.000000 -20.162565
v 30.581411 -26.581413 -16.000000
v 32.000000 -11.999998 -16.000000
v 30.581411 -16.000000 26.581413
v 32.000000 -16.000000 11.999998
v 30.581411 -26.581413 16.000000
v 32.000000 -11.999998 16.000000
v 4.000000 16.000000 32.000000
v 20.162565 16.000000 32.162567
v 16.000000 4.000000 32.000000
v 16.000000 20.162565 32.162567
v 4.000000 -16.000000 32.000000
v 20.162565 -16.000000 32.162567
v 16.000000 -26.581413 30.581411
v 16.000000 -11.999998 32.000000
v -26.581413 -16.000000 30.581411
v -11.999998 -16.000000 32.000000
v -16.000000 -26.581413 30.581411
v -16.000000 -11.999998 32.000000
v 16.000000 -32.000000 -4.000000
v 16.000000 -32.162567 -20.162565
v 4.000000 -32.000000 -16.000000
v 20.162565 -32.162567 -16.000000
v -16.000000 -32.000000 -4.000000
v -16.000000 -32.162567 -20.162565
v -26.581413 -30.581411 -16.000000
v -11.999998 -32.000000 -16.000000
v -16.000000 -30.581411 26.581413
v -16.000000 -32.000000 11.999998
v -26.581413 -30.581411 16.000000
v -11.999998 -32.000000 16.000000
v -16.000000 32.000000 -4.000000
v -16.000000 32.162567 -20.162565
v -4.000000 32.000000 -16.000000
v -20.162565 32.162567 -16.000000
v 16.000000 32.000000 -4.000000
v 16.000000 32.162567 -20.162565
v 26.581413 30.581411 -16.000000
v 11.999998 32.000000 -16.000000
v 16.000000 30.581411 26.581413
v 16.000000 32.000000 11.999998
v 26.581413 30.581411 16.000000
v 11.999998 32.000000 16.000000
v -16.000000 30.581411 26.581413
v -16.000000 32.000000 11.999998
v -4.000000 32.000000 16.000000
v -20.162565 32.162567 16.000000
v 16.000000 -30.581411 26.581413
v 16.000000 -32.000000 11.999998
v 4.000000 -32.000000 16.000000
v 20.162565 -32.162567 16.000000
v -26.581413 16.000000 30.581411
v -11.999998 16.000000 32.000000
v -16.000000 4.000000 32.000000
v -16.000000 20.162565 32.162567
v 30.581411 16.000000 26.581413
v 32.000000 16.000000 11.999998
v 32.000000 4.000000 16.000000
v 32.162567 20.162565 16.000000
v 26.581413 16.000000 -30.581411
v 11.999998 16.000000 -32.000000
v 16.000000 4.000000 -32.000000
v 16.000000 20.162565 -32.162567
v -30.581411 16.000000 -26.581413
v -32.000000 16.000000 -11.999998
v -32.000000 4.000000 -16.000000
v -32.162567 20.162565 -16.000000
v -28.521494 -28.521492 20.216755
v -28.521492 20.216755 28.521494
v -28.521496 28.521498 -20.216755
v -28.521492 -20.216755 -28.521494
v -20.216755 -28.521492 -28.521494
v 20.216755 28.521496 -28.521496
v 28.521494 -20.216755 -28.521492
v 28.521494 -28.521494 -20.216755
v 28.521496 28.521496 20.216755
v 28.521492 -20.216755 28.521494
v 20.216755 -28.521494 28.521492
v -20.216755 28.521496 28.521496
v -28.467304 -28.467304 -11.999998
v -28.467304 -11.999998 28.467304
v -28.467308 28.467308 11.999998
v -28.467304 11.999998 -28.467304
v 11.999998 -28.467304 -28.467304
v -11.999998 28.467308 -28.467308
v 28.467304 11.999998 -28.467304
v 28.467304 -28.467306 11.999998
v 28.467306 28.467304 -11.999998
v 28.467304 11.999998 28.467304
v -11.999998 -28.467304 28.467304
v 11.999998 28.467304 28.467306
v 0.000000 32.162567 20.162565
v 0.000000 32.000000 -11.999998
v 20.162565 32.162567 0.000000
v -11.999998 32.000000 0.000000
v 0.000000 -32.162567 20.162565
v 0.000000 -32.000000 -11.999998
v -20.162565 -32.162567 0.000000
v 11.999998 -32.000000 0.000000
v -20.162565 0.000000 32.162567
v 11.999998 0.000000 32.000000
v 0.000000 -20.162565 32.162567
v 0.000000 11.999998 32.000000
v 32.162567 0.000000 20.162565
v 32.000000 0.000000 -11.999998
v 32.162567 -20.162565 0.000000
v 32.000000 11.999998 0.000000
v 20.162565 0.000000 -32.162567
v -11.999998 0.000000 -32.000000
v 0.000000 -20.162565 -32.162567
v 0.000000 11.999998 -32.000000
v -32.162567 0.000000 -20.162565
v -32.000000 0.000000 11.999998
v -32.162567 -20.162565 0.000000
v -32.000000 11.999998 0.000000
v -28.467304 -28.467304 4.000000
v -28.467304 4.000000 28.467304
v -28.467308 28.467308 -4.000000
v -28.467304 -4.000000 -28.467304
v -4.000000 -28.467304 -28.467304
v 4.000000 28.467308 -28.467308
v 28.467304 -4.000000 -28.467304
v 28.467304 -28.467306 -4.000000
v 28.467306 28.467304 4.000000
v 28.467304 -4.000000 28.467304
v 4.000000 -28.467304 28.467304
v -4.000000 28.467304 28.467306
v -27.848890 -27.848885 -26.399666
v -27.848892 -26.399664 27.848885
v -27.848892 27.848885 26.399666
v -27.848885 26.399664 -27.848890
v 26.399666 -27.848885 -27.848890
v -26.399666 27.848885 -27.848892
v 27.848890 26.399664 -27.848885
v 27.848890 -27.848885 26.399666
v 27.848890 27.848885 -26.399666
v 27.848885 26.399664 27.848890
v -26.399666 -27.848885 27.848890
v 26.399666 27.848885 27.848890
v 0.000000 32.000000 4.000000
v 0.000000 30.581417 -26.581415
v 4.000000 32.000000 0.000000
v -26.581415 30.581417 0.000000
v 0.000000 -32.000000 4.000000
v 0.000000 -30.581411 -26.581413
v -4.000000 -32.000000 0.000000
v 26.581413 -30.581417 0.000000
v -4.000000 0.000000 32.000000
v 26.581413 0.000000 30.581411
v 0.000000 -4.000000 32.000000
v 0.000000 26.581413 30.581417
v 32.000000 0.000000 4.000000
v 30.581411 0.000000 -26.581413
v 32.000000 -4.000000 0.000000
v 30.581417 26.581413 0.000000
v 4.000000 0.000000 -32.000000
v -26.581413 0.000000 -30.581411
v 0.000000 -4.000000 -32.000000
v 0.000000 26.581415 -30.581417
v -32.000000 0.000000 -4.000000
v -30.581411 0.000000 26.581413
v -32.000000 -4.000000 0.000000
v -30.581417 26.581415 0.000000
v -32.000000 16.000000 11.999998
v -30.581411 16.000000 26.581413
v -32.000000 11.999998 16.000000
v -30.581417 26.581415 16.000000
v -32.000000 -16.000000 11.999998
v -30.581411 -16.000000 26.581413
v -32.162567 -20.162565 16.000000
v -32.000000 -4.000000 16.000000
v -32.162567 -16.000000 -20.162565
v -32.000000 -16.000000 -4.000000
v -32.162567 -20.162565 -16.000000
v -32.000000 -4.000000 -16.000000
v -11.999998 16.000000 -32.000000
v -26.581413 16.000000 -30.581411
v -16.000000 11.999998 -32.000000
v -16.000000 26.581415 -30.581417
v -11.999998 -16.000000 -32.000000
v -26.581413 -16.000000 -30.581411
v -16.000000 -20.162565 -32.162567
v -16.000000 -4.000000 -32.000000
v 20.162565 -16.000000 -32.162567
v 4.000000 -16.000000 -32.000000
v 16.000000 -20.162565 -32.162567
v 16.000000 -4.000000 -32.000000
v 32.000000 16.000000 -11.999998
v 30.581411 16.000000 -26.581413
v 32.000000 11.999998 -16.000000
v 30.581417 26.581413 -16.000000
v 32.000000 -16.000000 -11.999998
v 30.581411 -16.000000 -26.581413
v 32.162567 -20.162565 -16.000000
v 32.000000 -4.000000 -16.000000
v 32.162567 -16.000000 20.162565
v 32.000000 -16.000000 4.000000
v 32.162567 -20.162565 16.000000
v 32.000000 -4.000000 16.000000
v 11.999998 16.000000 32.000000
v 26.581413 16.000000 30.581411
v 16.000000 11.999998 32.000000
v 16.000000 26.581413 30.581417
v 11.999998 -16.000000 32.000000
v 26.581413 -16.000000 30.581411
v 16.000000 -20.162565 32.162567
v 16.000000 -4.000000 32.000000
v -20.162565 -16.000000 32.162567
v -4.000000 -16.000000 32.000000
v -16.000000 -20.162565 32.162567
v -16.000000 -4.000000 32.000000
v 16.000000 -32.000000 -11.999998
v 16.000000 -30.581411 -26.581413
v 11.999998 -32.000000 -16.000000
v 26.581413 -30.581417 -16.000000
v -16.000000 -32.000000 -11.999998
v -16.000000 -30.581411 -26.581413
v -20.162565 -32.162567 -16.000000
v -4.000000 -32.000000 -16.000000
v -16.000000 -32.162567 20.162565
v -16.000000 -32.000000 4.000000
v -20.162565 -32.162567 16.000000
v -4.000000 -32.000000 16.000000
v -16.000000 32.000000 -11.999998
v -16.000000 30.581417 -26.581415
v -11.999998 32.000000 -16.000000
v -26.581415 30.581417 -16.000000
v 16.000000 32.000000 -11.999998
v 16.000000 30.581417 -26.581415
v 20.162565 32.162567 -16.000000
v 4.000000 32.000000 -16.000000
v 16.000000 32.162567 20.162565
v 16.000000 32.000000 4.000000
v 20.162565 32.162567 16.000000
v 4.000000 32.000000 16.000000
v -16.000000 32.162567 20.162565
v -16.000000 32.000000 4.000000
v -11.999998 32.000000 16.000000
v -26.581415 30.581417 16.000000
v 16.000000 -32.162567 20.162565
v 16.000000 -32.000000 4.000000
v 11.999998 -32.000000 16.000000
v 26.581413 -30.581417 16.000000
v -20.162565 16.000000 32.162567
v -4.000000 16.000000 32.000000
v -16.000000 11.999998 32.000000
v -16.000000 26.581413 30.581417
v 32.162567 16.000000 20.162565
v 32.000000 16.000000 4.000000
v 32.000000 11.999998 16.000000
v 30.581417 26.581413 16.000000
v 20.162565 16.000000 -32.162567
v 4.000000 16.000000 -32.000000
v 16.000000 11.999998 -32.000000
v 16.000000 26.581415 -30.581417
v -32.162567 16.000000 -20.162565
v -32.000000 16.000000 -4.000000
v -32.000000 11.999998 -16.000000
v -30.581417 26.581415 -16.000000
v -31.451790 23.451794 -11.999998
v -31.451790 23.451794 -4.000000
v -32.162567 20.162565 -8.000000
v -30.581417 26.581415 -8.000000
v -32.000000 8.000000 -11.999998
v -32.000000 8.000000 -4.000000
v -32.000000 4.000000 -8.000000
v -32.000000 11.999998 -8.000000
v -30.581411 8.000000 -26.581413
v -32.162567 8.000000 -20.162565
v -31.451790 4.000000 -23.451794
v -31.451790 11.999998 -23.451794
v 11.999998 23.451794 -31.451790
v 4.000000 23.451794 -31.451790
v 8.000000 20.162565 -32.162567
v 8.000000 26.581415 -30.581417
v 11.999998 8.000000 -32.000000
v 4.000000 8.000000 -32.000000
v 8.000000 4.000000 -32.000000
v 8.000000 11.999998 -32.000000
v 26.581413 8.000000 -30.581411
v 20.162565 8.000000 -32.162567
v 23.451794 4.000000 -31.451790
v 23.451794 11.999998 -31.451790
v 31.451790 23.451794 11.999998
v 31.451790 23.451794 4.000000
v 32.162567 20.162565 8.000000
v 30.581417 26.581413 8.000000
v 32.000000 8.000000 11.999998
v 32.000000 8.000000 4.000000
v 32.000000 4.000000 8.000000
v 32.000000 11.999998 8.000000
v 30.581411 8.000000 26.581413
v 32.162567 8.000000 20.162565
v 31.451790 4.000000 23.451794
v 31.451790 11.999998 23.451794
v -11.999998 23.451794 31.451790
v -4.000000 23.451794 31.451790
v -8.000000 20.162565 32.162567
v -8.000000 26.581413 30.581417
v -11.999998 8.000000 32.000000
v -4.000000 8.000000 32.000000
v -8.000000 4.000000 32.000000
v -8.000000 11.999998 32.000000
v -26.581413 8.000000 30.581411
v -20.162565 8.000000 32.162567
v -23.451794 4.000000 31.451790
v -23.451794 11.999998 31.451790
v 23.451794 -31.451790 11.999998
v 23.451794 -31.451790 4.000000
v 20.162565 -32.162567 8.000000
v 26.581413 -30.581417 8.000000
v 8.000000 -32.000000 11.999998
v 8.000000 -32.000000 4.000000
v 4.000000 -32.000000 8.000000
v 11.999998 -32.000000 8.000000
v 8.000000 -30.581411 26.581413
v 8.000000 -32.162567 20.162565
v 4.000000 -31.451790 23.451794
v 11.999998 -31.451790 23.451794
v -23.451794 31.451790 11.999998
v -23.451794 31.451790 4.000000
v -20.162565 32.162567 8.000000
v -26.581415 30.581417 8.000000
v -8.000000 32.000000 11.999998
v -8.000000 32.000000 4.000000
v -4.000000 32.000000 8.000000
v -11.999998 32.000000 8.000000
v -8.000000 30.581411 26.581413
v -8.000000 32.162567 20.162565
v -4.000000 31.451790 23.451794
v -11.999998 31.451790 23.451794
v 8.000000 32.000000 11.999998
v 8.000000 32.000000 4.000000
v 11.999998 32.000000 8.000000
v 4.000000 32.000000 8.000000
v 23.451792 31.451790 11.999998
v 23.451794 31.451790 4.000000
v 26.581413 30.581411 8.000000
v 20.162565 32.162567 8.000000
v 23.360422 30.215939 26.490042
v 23.451794 31.614355 20.162565
v 26.490042 30.215946 23.360420
v 20.162565 31.614355 23.451794
v 8.000000 32.162567 -20.162565
v 8.000000 30.581417 -26.581415
v 11.999998 31.451790 -23.451792
v 4.000000 31.451790 -23.451792
v 23.451792 31.614355 -20.162565
v 23.360420 30.215946 -26.490042
v 26.490042 30.215939 -23.360422
v 20.162565 31.614355 -23.451792
v 23.451792 31.451790 -4.000000
v 23.451794 31.451790 -11.999998
v 26.581413 30.581411 -8.000000
v 20.162565 32.162567 -8.000000
v -23.451794 31.614355 -20.162565
v -23.360422 30.215939 -26.490042
v -20.162565 31.614355 -23.451792
v -26.490042 30.215939 -23.360422
v -8.000000 32.162567 -20.162565
v -8.000000 30.581417 -26.581415
v -4.000000 31.451790 -23.451792
v -11.999998 31.451790 -23.451792
v -8.000000 32.000000 -4.000000
v -8.000000 32.000000 -11.999998
v -4.000000 32.000000 -8.000000
v -11.999998 32.000000 -8.000000
v -8.000000 -32.000000 11.999998
v -8.000000 -32.000000 4.000000
v -11.999998 -32.000000 8.000000
v -4.000000 -32.000000 8.000000
v -23.451792 -31.451790 11.999998
v -23.451794 -31.451790 4.000000
v -26.581413 -30.581411 8.000000
v -20.162565 -32.162567 8.000000
v -23.360422 -30.215939 26.490042
v -23.451794 -31.614355 20.162565
v -26.490042 -30.215946 23.360420
v -20.162565 -31.614355 23.451794
v -8.000000 -32.162567 -20.162565
v -8.000000 -30.581411 -26.581413
v -11.999998 -31.451790 -23.451792
v -4.000000 -31.451790 -23.451792
v -23.451792 -31.614355 -20.162565
v -23.360420 -30.215946 -26.490042
v -26.490042 -30.215939 -23.360422
v -20.162565 -31.614355 -23.451792
v -23.451792 -31.451790 -4.000000
v -23.451794 -31.451790 -11.999998
v -26.581413 -30.581411 -8.000000
v -20.162565 -32.162567 -8.000000
v 23.451794 -31.614355 -20.162565
v 23.360422 -30.215939 -26.490042
v 20.162565 -31.614355 -23.451792
v 26.490042 -30.215939 -23.360422
v 8.000000 -32.162567 -20.162565
v 8.000000 -30.581411 -26.581413
v 4.000000 -31.451790 -23.451792
v 11.999998 -31.451790 -23.451792
v 8.000000 -32.000000 -4.000000
v 8.000000 -32.000000 -11.999998
v 4.000000 -32.000000 -8.000000
v 11.999998 -32.000000 -8.000000
v -11.999998 -8.000000 32.000000
v -4.000000 -8.000000 32.000000
v -8.000000 -11.999998 32.000000
v -8.000000 -4.000000 32.000000
v -11.999998 -23.451792 31.451790
v -4.000000 -23.451794 31.451790
v -8.000000 -26.581413 30.581411
v -8.000000 -20.162565 32.162567
v -26.490042 -23.360422 30.215939
v -20.162565 -23.451794 31.614355
v -23.360420 -26.490042 30.215946
v -23.451794 -20.162565 31.614355
v 20.162565 -8.000000 32.162567
v 26.581413 -8.000000 30.581411
v 23.451792 -11.999998 31.451790
v 23.451792 -4.000000 31.451790
v 20.162565 -23.451792 31.614355
v 26.490042 -23.360420 30.215946
v 23.360422 -26.490042 30.215939
v 23.451792 -20.162565 31.614355
v 4.000000 -23.451792 31.451790
v 11.999998 -23.451794 31.451790
v 8.000000 -26.581413 30.581411
v 8.000000 -20.162565 32.162567
v 20.162565 23.451794 31.614355
v 26.490042 23.360422 30.215939
v 23.451792 20.162565 31.614355
v 23.360422 26.490042 30.215939
v 20.162565 8.000000 32.162567
v 26.581413 8.000000 30.581411
v 23.451792 4.000000 31.451790
v 23.451792 11.999998 31.451790
v 4.000000 8.000000 32.000000
v 11.999998 8.000000 32.000000
v 8.000000 4.000000 32.000000
v 8.000000 11.999998 32.000000
v 32.000000 -8.000000 11.999998
v 32.000000 -8.000000 4.000000
v 32.000000 -11.999998 8.000000
v 32.000000 -4.000000 8.000000
v 31.451790 -23.451792 11.999998
v 31.451790 -23.451794 4.000000
v 30.581411 -26.581413 8.000000
v 32.162567 -20.162565 8.000000
v 30.215939 -23.360422 26.490042
v 31.614355 -23.451794 20.162565
v 30.215946 -26.490042 23.360420
v 31.614355 -20.162565 23.451794
v 32.162567 -8.000000 -20.162565
v 30.581411 -8.000000 -26.581413
v 31.451790 -11.999998 -23.451792
v 31.451790 -4.000000 -23.451792
v 31.614355 -23.451792 -20.162565
v 30.215946 -23.360420 -26.490042
v 30.215939 -26.490042 -23.360422
v 31.614355 -20.162565 -23.451792
v 31.451790 -23.451792 -4.000000
v 31.451790 -23.451794 -11.999998
v 30.581411 -26.581413 -8.000000
v 32.162567 -20.162565 -8.000000
v 31.614355 23.451794 -20.162565
v 30.215939 23.360422 -26.490042
v 31.614355 20.162565 -23.451792
v 30.215939 26.490042 -23.360422
v 32.162567 8.000000 -20.162565
v 30.581411 8.000000 -26.581413
v 31.451790 4.000000 -23.451792
v 31.451790 11.999998 -23.451792
v 32.000000 8.000000 -4.000000
v 32.000000 8.000000 -11.999998
v 32.000000 4.000000 -8.000000
v 32.000000 11.999998 -8.000000
v 11.999998 -8.000000 -32.000000
v 4.000000 -8.000000 -32.000000
v 8.000000 -11.999998 -32.000000
v 8.000000 -4.000000 -32.000000
v 11.999998 -23.451792 -31.451790
v 4.000000 -23.451794 -31.451790
v 8.000000 -26.581413 -30.581411
v 8.000000 -20.162565 -32.162567
v 26.490042 -23.360422 -30.215939
v 20.162565 -23.451794 -31.614355
v 23.360420 -26.490042 -30.215946
v 23.451794 -20.162565 -31.614355
v -20.162565 -8.000000 -32.162567
v -26.581413 -8.000000 -30.581411
v -23.451792 -11.999998 -31.451790
v -23.451792 -4.000000 -31.451790
v -20.162565 -23.451792 -31.614355
v -26.490042 -23.360420 -30.215946
v -23.360422 -26.490042 -30.215939
v -23.451792 -20.162565 -31.614355
v -4.000000 -23.451792 -31.451790
v -11.999998 -23.451794 -31.451790
v -8.000000 -26.581413 -30.581411
v -8.000000 -20.162565 -32.162567
v -20.162565 23.451794 -31.614355
v -26.490042 23.360422 -30.215939
v -23.451792 20.162565 -31.614355
v -23.360422 26.490042 -30.215939
v -20.162565 8.000000 -32.162567
v -26.581413 8.000000 -30.581411
v -23.451792 4.000000 -31.451790
v -23.451792 11.999998 -31.451790
v -4.000000 8.000000 -32.000000
v -11.999998 8.000000 -32.000000
v -8.000000 4.000000 -32.000000
v -8.000000 11.999998 -32.000000
v -32.000000 -8.000000 -11.999998
v -32.000000 -8.000000 -4.000000
v -32.000000 -11.999998 -8.000000
v -32.000000 -4.000000 -8.000000
v -31.451790 -23.451792 -11.999998
v -31.451790 -23.451794 -4.000000
v -30.581411 -26.581413 -8.000000
v -32.162567 -20.162565 -8.000000
v -30.215939 -23.360422 -26.490042
v -31.614355 -23.451794 -20.162565
v -30.215946 -26.490042 -23.360420
v -31.614355 -20.162565 -23.451794
v -32.162567 -8.000000 20.162565
v -30.581411 -8.000000 26.581413
v -31.451790 -11.999998 23.451792
v -31.451790 -4.000000 23.451792
v -31.614355 -23.451792 20.162565
v -30.215946 -23.360420 26.490042
v -30.215939 -26.490042 23.360422
v -31.614355 -20.162565 23.451792
v -31.451790 -23.451792 4.000000
v -31.451790 -23.451794 11.999998
v -30.581411 -26.581413 8.000000
v -32.162567 -20.162565 8.000000
v -31.614355 23.451794 20.162565
v -30.215939 23.360422 26.490042
v -31.614355 20.162565 23.451792
v -30.215939 26.490042 23.360422
v -32.162567 8.000000 20.162565
v -30.581411 8.000000 26.581413
v -31.451790 4.000000 23.451792
v -31.451790 11.999998 23.451792
v -32.000000 8.000000 4.000000
v -32.000000 8.000000 11.999998
v -32.000000 4.000000 8.000000
v -32.000000 11.999998 8.000000
v -31.451790 23.451794 4.000000
v -31.451790 23.451794 11.999998
v -32.162567 20.162565 8.000000
v -30.581417 26.581415 8.000000
v -32.000000 -8.000000 4.000000
v -32.000000 -8.000000 11.999998
v -32.000000 -11.999998 8.000000
v -32.000000 -4.000000 8.000000
v -30.581411 -8.000000 -26.581413
v -32.162567 -8.000000 -20.162565
v -31.451790 -11.999998 -23.451794
v -31.451790 -4.000000 -23.451794
v -4.000000 23.451794 -31.451790
v -11.999998 23.451794 -31.451790
v -8.000000 20.162565 -32.162567
v -8.000000 26.581415 -30.581417
v -4.000000 -8.000000 -32.000000
v -11.999998 -8.000000 -32.000000
v -8.000000 -11.999998 -32.000000
v -8.000000 -4.000000 -32.000000
v 26.581413 -8.000000 -30.581411
v 20.162565 -8.000000 -32.162567
v 23.451794 -11.999998 -31.451790
v 23.451794 -4.000000 -31.451790
v 31.451790 23.451794 -4.000000
v 31.451790 23.451794 -11.999998
v 32.162567 20.162565 -8.000000
v 30.581417 26.581413 -8.000000
v 32.000000 -8.000000 -4.000000
v 32.000000 -8.000000 -11.999998
v 32.000000 -11.999998 -8.000000
v 32.000000 -4.000000 -8.000000
v 30.581411 -8.000000 26.581413
v 32.162567 -8.000000 20.162565
v 31.451790 -11.999998 23.451794
v 31.451790 -4.000000 23.451794
v 4.000000 23.451794 31.451790
v 11.999998 23.451794 31.451790
v 8.000000 20.162565 32.162567
v 8.000000 26.581413 30.581417
v 4.000000 -8.000000 32.000000
v 11.999998 -8.000000 32.000000
v 8.000000 -11.999998 32.000000
v 8.000000 -4.000000 32.000000
v -26.581413 -8.000000 30.581411
v -20.162565 -8.000000 32.162567
v -23.451794 -11.999998 31.451790
v -23.451794 -4.000000 31.451790
v 23.451794 -31.451790 -4.000000
v 23.451794 -31.451790 -11.999998
v 20.162565 -32.162567 -8.000000
v 26.581413 -30.581417 -8.000000
v -8.000000 -32.000000 -4.000000
v -8.000000 -32.000000 -11.999998
v -11.999998 -32.000000 -8.000000
v -4.000000 -32.000000 -8.000000
v -8.000000 -30.581411 26.581413
v -8.000000 -32.162567 20.162565
v -11.999998 -31.451790 23.451794
v -4.000000 -31.451790 23.451794
v -23.451794 31.451790 -4.000000
v -23.451794 31.451790 -11.999998
v -20.162565 32.162567 -8.000000
v -26.581415 30.581417 -8.000000
v 8.000000 32.000000 -4.000000
v 8.000000 32.000000 -11.999998
v 11.999998 32.000000 -8.000000
v 4.000000 32.000000 -8.000000
v 8.000000 30.581411 26.581413
v 8.000000 32.162567 20.162565
v 11.999998 31.451790 23.451794
v 4.000000 31.451790 23.451794
v -23.360420 30.215946 26.490042
v -23.451794 31.614355 20.162565
v -20.162565 31.614355 23.451794
v -26.490042 30.215946 23.360420
v 23.360420 -30.215946 26.490042
v 23.451794 -31.614355 20.162565
v 20.162565 -31.614355 23.451794
v 26.490042 -30.215946 23.360420
v -26.490042 23.360420 30.215946
v -20.162565 23.451794 31.614355
v -23.451794 20.162565 31.614355
v -23.360420 26.490042 30.215946
v 30.215946 23.360420 26.490042
v 31.614355 23.451794 20.162565
v 31.614355 20.162565 23.451794
v 30.215946 26.490042 23.360420
v 26.490042 23.360420 -30.215946
v 20.162565 23.451794 -31.614355
v 23.451794 20.162565 -31.614355
v 23.360420 26.490042 -30.215946
v -30.215946 23.360420 -26.490042
v -31.614355 23.451794 -20.162565
v -31.614355 20.162565 -23.451794
v -30.215946 26.490042 -23.360420
v -30.689783 26.608500 -20.189659
v -32.325134 20.162565 -20.162565
v -30.689791 20.189659 -26.608507
v 20.189659 26.608500 -30.689783
v 20.162565 20.162565 -32.325134
v 26.608507 20.189659 -30.689791
v 30.689783 26.608500 20.189659
v 32.325134 20.162565 20.162565
v 30.689791 20.189659 26.608507
v -20.189659 26.608500 30.689783
v -20.162565 20.162565 32.325134
v -26.608507 20.189659 30.689791
v 26.608500 -30.689783 20.189659
v 20.162565 -32.325134 20.162565
v 20.189659 -30.689791 26.608507
v -26.608500 30.689783 20.189659
v -20.162565 32.325134 20.162565
v -20.189659 30.689791 26.608507
v 4.000000 32.162567 20.162565
v 11.999998 32.162567 20.162565
v 11.999998 30.581417 26.581415
v 4.000000 32.000000 -11.999998
v 11.999998 32.000000 -11.999998
v 11.999998 32.000000 -4.000000
v -26.581406 30.581408 -11.999998
v -20.162565 32.162567 -11.999998
v -20.162565 32.162567 -4.000000
v -4.000000 -32.162567 20.162565
v -11.999998 -32.162567 20.162565
v -11.999998 -30.581417 26.581415
v -4.000000 -32.000000 -11.999998
v -11.999998 -32.000000 -11.999998
v -11.999998 -32.000000 -4.000000
v 26.581406 -30.581408 -11.999998
v 20.162565 -32.162567 -11.999998
v 20.162565 -32.162567 -4.000000
v -20.162565 -4.000000 32.162567
v -20.162565 -11.999998 32.162567
v -26.581415 -11.999998 30.581417
v 11.999998 -4.000000 32.000000
v 11.999998 -11.999998 32.000000
v 4.000000 -11.999998 32.000000
v 11.999998 26.581406 30.581408
v 11.999998 20.162565 32.162567
v 4.000000 20.162565 32.162567
v 32.162567 -4.000000 20.162565
v 32.162567 -11.999998 20.162565
v 30.581417 -11.999998 26.581415
v 32.000000 -4.000000 -11.999998
v 32.000000 -11.999998 -11.999998
v 32.000000 -11.999998 -4.000000
v 30.581408 26.581406 -11.999998
v 32.162567 20.162565 -11.999998
v 32.162567 20.162565 -4.000000
v 20.162565 -4.000000 -32.162567
v 20.162565 -11.999998 -32.162567
v 26.581415 -11.999998 -30.581417
v -11.999998 -4.000000 -32.000000
v -11.999998 -11.999998 -32.000000
v -4.000000 -11.999998 -32.000000
v -11.999998 26.581406 -30.581408
v -11.999998 20.162565 -32.162567
v -4.000000 20.162565 -32.162567
v -32.162567 -4.000000 -20.162565
v -32.162567 -11.999998 -20.162565
v -30.581417 -11.999998 -26.581415
v -32.000000 -4.000000 11.999998
v -32.000000 -11.999998 11.999998
v -32.000000 -11.999998 4.000000
v -30.581408 26.581406 11.999998
v -32.162567 20.162565 11.999998
v -32.162567 20.162565 4.000000
v -32.000000 11.999998 11.999998
v -32.000000 4.000000 11.999998
v -32.000000 4.000000 4.000000
v -30.581417 11.999998 26.581415
v -30.581417 4.000000 26.581415
v -32.162567 4.000000 20.162565
v -29.658665 26.333485 26.333485
v -30.689793 20.189659 26.608507
v -32.325134 20.162565 20.162565
v -32.162567 -20.162565 11.999998
v -30.581415 -26.581415 11.999998
v -30.581415 -26.581415 4.000000
v -30.689791 -20.189659 26.608507
v -29.658665 -26.333485 26.333485
v -30.689791 -26.608507 20.189659
v -30.581417 -4.000000 26.581415
v -30.581417 -11.999998 26.581415
v -32.162567 -11.999998 20.162565
v -32.325134 -20.162565 -20.162565
v -30.689791 -26.608507 -20.189659
v -29.658663 -26.333485 -26.333485
v -32.162567 -20.162565 -4.000000
v -30.581415 -26.581415 -4.000000
v -30.581415 -26.581415 -11.999998
v -32.000000 -4.000000 -4.000000
v -32.000000 -11.999998 -4.000000
v -32.000000 -11.999998 -11.999998
v -11.999998 11.999998 -32.000000
v -11.999998 4.000000 -32.000000
v -4.000000 4.000000 -32.000000
v -26.581415 11.999998 -30.581417
v -26.581415 4.000000 -30.581417
v -20.162565 4.000000 -32.162567
v -26.333485 26.333485 -29.658665
v -26.608507 20.189659 -30.689793
v -20.162565 20.162565 -32.325134
v -11.999998 -20.162565 -32.162567
v -11.999998 -26.581415 -30.581415
v -4.000000 -26.581415 -30.581415
v -26.608507 -20.189659 -30.689791
v -26.333483 -26.333485 -29.658665
v -20.189659 -26.608507 -30.689791
v -26.581415 -4.000000 -30.581417
v -26.581415 -11.999998 -30.581417
v -20.162565 -11.999998 -32.162567
v 20.162565 -20.162565 -32.325134
v 20.189659 -26.608507 -30.689791
v 26.333485 -26.333485 -29.658663
v 4.000000 -20.162565 -32.162567
v 4.000000 -26.581415 -30.581415
v 11.999998 -26.581415 -30.581415
v 4.000000 -4.000000 -32.000000
v 4.000000 -11.999998 -32.000000
v 11.999998 -11.999998 -32.000000
v 32.000000 11.999998 -11.999998
v 32.000000 4.000000 -11.999998
v 32.000000 4.000000 -4.000000
v 30.581417 11.999998 -26.581415
v 30.581417 4.000000 -26.581415
v 32.162567 4.000000 -20.162565
v 29.658665 26.333485 -26.333485
v 30.689793 20.189659 -26.608507
v 32.325134 20.162565 -20.162565
v 32.162567 -20.162565 -11.999998
v 30.581415 -26.581415 -11.999998
v 30.581415 -26.581415 -4.000000
v 30.689791 -20.189659 -26.608507
v 29.658665 -26.333485 -26.333483
v 30.689791 -26.608507 -20.189659
v 30.581417 -4.000000 -26.581415
v 30.581417 -11.999998 -26.581415
v 32.162567 -11.999998 -20.162565
v 32.325134 -20.162565 20.162565
v 30.689791 -26.608507 20.189659
v 29.658663 -26.333485 26.333485
v 32.162567 -20.162565 4.000000
v 30.581415 -26.581415 4.000000
v 30.581415 -26.581415 11.999998
v 32.000000 -4.000000 4.000000
v 32.000000 -11.999998 4.000000
v 32.000000 -11.999998 11.999998
v 11.999998 11.999998 32.000000
v 11.999998 4.000000 32.000000
v 4.000000 4.000000 32.000000
v 26.581415 11.999998 30.581417
v 26.581415 4.000000 30.581417
v 20.162565 4.000000 32.162567
v 26.333485 26.333485 29.658665
v 26.608507 20.189659 30.689793
v 20.162565 20.162565 32.325134
v 11.999998 -20.162565 32.162567
v 11.999998 -26.581415 30.581415
v 4.000000 -26.581415 30.581415
v 26.608507 -20.189659 30.689791
v 26.333483 -26.333485 29.658665
v 20.189659 -26.608507 30.689791
v 26.581415 -4.000000 30.581417
v 26.581415 -11.999998 30.581417
v 20.162565 -11.999998 32.162567
v -20.162565 -20.162565 32.325134
v -20.189659 -26.608507 30.689791
v -26.333483 -26.333485 29.658665
v -4.000000 -20.162565 32.162567
v -4.000000 -26.581415 30.581415
v -11.999998 -26.581415 30.581415
v -4.000000 -4.000000 32.000000
v -4.000000 -11.999998 32.000000
v -11.999998 -11.999998 32.000000
v 11.999998 -32.000000 -11.999998
v 4.000000 -32.000000 -11.999998
v 4.000000 -32.000000 -4.000000
v 11.999998 -30.581417 -26.581415
v 4.000000 -30.581417 -26.581415
v 4.000000 -32.162567 -20.162565
v 26.333483 -29.658665 -26.333483
v 20.189659 -30.689793 -26.608507
v 20.162565 -32.325134 -20.162565
v -20.162565 -32.162567 -11.999998
v -26.581415 -30.581415 -11.999998
v -26.581415 -30.581415 -4.000000
v -20.189659 -30.689791 -26.608507
v -26.333483 -29.658665 -26.333483
v -26.608507 -30.689791 -20.189659
v -4.000000 -30.581417 -26.581415
v -11.999998 -30.581417 -26.581415
v -11.999998 -32.162567 -20.162565
v -20.162565 -32.325134 20.162565
v -26.608507 -30.689791 20.189659
v -26.333483 -29.658667 26.333483
v -20.162565 -32.162567 4.000000
v -26.581415 -30.581415 4.000000
v -26.581415 -30.581415 11.999998
v -4.000000 -32.000000 4.000000
v -11.999998 -32.000000 4.000000
v -11.999998 -32.000000 11.999998
v -11.999998 32.000000 -11.999998
v -4.000000 32.000000 -11.999998
v -4.000000 32.000000 -4.000000
v -11.999998 30.581417 -26.581415
v -4.000000 30.581417 -26.581415
v -4.000000 32.162567 -20.162565
v -26.333485 29.658665 -26.333483
v -20.189659 30.689793 -26.608507
v -20.162565 32.325134 -20.162565
v 20.162565 32.162567 -11.999998
v 26.581415 30.581415 -11.999998
v 26.581415 30.581415 -4.000000
v 20.189659 30.689791 -26.608507
v 26.333483 29.658665 -26.333485
v 26.608507 30.689791 -20.189659
v 4.000000 30.581417 -26.581415
v 11.999998 30.581417 -26.581415
v 11.999998 32.162567 -20.162565
v 20.162565 32.325134 20.162565
v 26.608507 30.689791 20.189659
v 26.333485 29.658665 26.333483
v 20.162565 32.162567 4.000000
v 26.581415 30.581415 4.000000
v 26.581415 30.581415 11.999998
v 4.000000 32.000000 4.000000
v 11.999998 32.000000 4.000000
v 11.999998 32.000000 11.999998
v -11.999998 32.162567 20.162565
v -4.000000 32.162567 20.162565
v -4.000000 30.581417 26.581415
v -11.999998 32.000000 4.000000
v -4.000000 32.000000 4.000000
v -4.000000 32.000000 11.999998
v -26.581406 30.581408 4.000000
v -20.162565 32.162567 4.000000
v -20.162565 32.162567 11.999998
v 11.999998 -32.162567 20.162565
v 4.000000 -32.162567 20.162565
v 4.000000 -30.581417 26.581415
v 11.999998 -32.000000 4.000000
v 4.000000 -32.000000 4.000000
v 4.000000 -32.000000 11.999998
v 26.581406 -30.581408 4.000000
v 20.162565 -32.162567 4.000000
v 20.162565 -32.162567 11.999998
v -20.162565 11.999998 32.162567
v -20.162565 4.000000 32.162567
v -26.581415 4.000000 30.581417
v -4.000000 11.999998 32.000000
v -4.000000 4.000000 32.000000
v -11.999998 4.000000 32.000000
v -4.000000 26.581406 30.581408
v -4.000000 20.162565 32.162567
v -11.999998 20.162565 32.162567
v 32.162567 11.999998 20.162565
v 32.162567 4.000000 20.162565
v 30.581417 4.000000 26.581415
v 32.000000 11.999998 4.000000
v 32.000000 4.000000 4.000000
v 32.000000 4.000000 11.999998
v 30.581408 26.581406 4.000000
v 32.162567 20.162565 4.000000
v 32.162567 20.162565 11.999998
v 20.162565 11.999998 -32.162567
v 20.162565 4.000000 -32.162567
v 26.581415 4.000000 -30.581417
v 4.000000 11.999998 -32.000000
v 4.000000 4.000000 -32.000000
v 11.999998 4.000000 -32.000000
v 4.000000 26.581406 -30.581408
v 4.000000 20.162565 -32.162567
v 11.999998 20.162565 -32.162567
v -32.162567 11.999998 -20.162565
v -32.162567 4.000000 -20.162565
v -30.581417 4.000000 -26.581415
v -32.000000 11.999998 -4.000000
v -32.000000 4.000000 -4.000000
v -32.000000 4.000000 -11.999998
v -30.581408 26.581406 -4.000000
v -32.162567 20.162565 -4.000000
v -32.162567 20.162565 -11.999998
v -30.581408 26.581406 -11.999998
v -32.000000 11.999998 -11.999998
v -30.581417 11.999998 -26.581415
v 11.999998 26.581406 -30.581408
v 11.999998 11.999998 -32.000000
v 26.581415 11.999998 -30.581417
v 30.581408 26.581406 11.999998
v 32.000000 11.999998 11.999998
v 30.581417 11.999998 26.581415
v -11.999998 26.581406 30.581408
v -11.999998 11.999998 32.000000
v -26.581415 11.999998 30.581417
v 26.581406 -30.581408 11.999998
v 11.999998 -32.000000 11.999998
v 11.999998 -30.581417 26.581415
v -26.581406 30.581408 11.999998
v -11.999998 32.000000 11.999998
v -11.999998 30.581417 26.581415
v 4.000000 32.000000 11.999998
v 20.162565 32.162567 11.999998
v 20.189659 30.689791 26.608507
v 4.000000 32.162567 -20.162565
v 20.162565 32.325134 -20.162565
v 20.162565 32.162567 -4.000000
v -26.608500 30.689783 -20.189659
v -11.999998 32.162567 -20.162565
v -11.999998 32.000000 -4.000000
v -4.000000 -32.000000 11.999998
v -20.162565 -32.162567 11.999998
v -20.189659 -30.689791 26.608507
v -4.000000 -32.162567 -20.162565
v -20.162565 -32.325134 -20.162565
v -20.162565 -32.162567 -4.000000
v 26.608500 -30.689783 -20.189659
v 11.999998 -32.162567 -20.162565
v 11.999998 -32.000000 -4.000000
v -11.999998 -4.000000 32.000000
v -11.999998 -20.162565 32.162567
v -26.608507 -20.189659 30.689791
v 20.162565 -4.000000 32.162567
v 20.162565 -20.162565 32.325134
v 4.000000 -20.162565 32.162567
v 20.189659 26.608500 30.689783
v 20.162565 11.999998 32.162567
v 4.000000 11.999998 32.000000
v 32.000000 -4.000000 11.999998
v 32.162567 -20.162565 11.999998
v 30.689791 -20.189659 26.608507
v 32.162567 -4.000000 -20.162565
v 32.325134 -20.162565 -20.162565
v 32.162567 -20.162565 -4.000000
v 30.689783 26.608500 -20.189659
v 32.162567 11.999998 -20.162565
v 32.000000 11.999998 -4.000000
v 11.999998 -4.000000 -32.000000
v 11.999998 -20.162565 -32.162567
v 26.608507 -20.189659 -30.689791
v -20.162565 -4.000000 -32.162567
v -20.162565 -20.162565 -32.325134
v -4.000000 -20.162565 -32.162567
v -20.189659 26.608500 -30.689783
v -20.162565 11.999998 -32.162567
v -4.000000 11.999998 -32.000000
v -32.000000 -4.000000 -11.999998
v -32.162567 -20.162565 -11.999998
v -30.689791 -20.189659 -26.608507
v -32.162567 -4.000000 20.162565
v -32.325134 -20.162565 20.162565
v -32.162567 -20.162565 4.000000
v -30.689783 26.608500 20.189659
v -32.162567 11.999998 20.162565
v -32.000000 11.999998 4.000000
v -30.581408 26.581406 4.000000
v -32.000000 -4.000000 4.000000
v -30.581417 -4.000000 -26.581415
v -4.000000 26.581406 -30.581408
v -4.000000 -4.000000 -32.000000
v 26.581415 -4.000000 -30.581417
v 30.581408 26.581406 -4.000000
v 32.000000 -4.000000 -4.000000
v 30.581417 -4.000000 26.581415
v 4.000000 26.581406 30.581408
v 4.000000 -4.000000 32.000000
v -26.581415 -4.000000 30.581417
v 26.581406 -30.581408 -4.000000
v -4.000000 -32.000000 -4.000000
v -4.000000 -30.581417 26.581415
v -26.581406 30.581408 -4.000000
v 4.000000 32.000000 -4.000000
v 4.000000 30.581417 26.581415
v -26.333483 29.658665 26.333485
v 26.333483 -29.658665 26.333483
v -26.333483 26.333483 29.658665
v 29.658665 26.333483 26.333483
v 26.333483 26.333483 -29.658665
v -29.658665 26.333483 -26.333483
vn -0.5774 -0.5773 0.5774
vn -0.5774 0.5773 0.5774
vn -0.5774 -0.5773 -0.5773
vn -0.5774 0.5773 -0.5774
vn 0.5774 -0.5774 0.5774
vn 0.5774 0.5773 0.5773
vn 0.5774 -0.5773 -0.5774
vn 0.5774 0.5773 -0.5774
vn -0.7071 -0.7071 -0.0000
vn -0.7071 -0.0000 0.7071
vn -0.7071 0.7071 -0.0000
vn -0.7071 -0.0000 -0.7071
vn -0.0000 -0.7071 -0.7071
vn -0.0000 0.7071 -0.7071
vn 0.7071 -0.0000 -0.7071
vn 0.7071 -0.7071 -0.0000
vn 0.7071 0.7071 -0.0000
vn 0.7071 -0.0000 0.7071
vn -0.0000 -0.7071 0.7071
vn -0.0000 0.7071 0.7071
vn -0.0000 1.0000 -0.0000
vn -0.0000 -1.0000 -0.0000
vn -0.0000 -0.0000 1.0000
vn 1.0000 -0.0000 -0.0000
vn -0.0000 -0.0000 -1.0000
vn -1.0000 -0.0000 -0.0000
vn -0.7071 -0.7071 -0.0100
vn -0.7071 -0.0100 0.7071
vn -0.7071 0.7071 0.0100
vn -0.7071 0.0100 -0.7071
vn 0.0100 -0.7071 -0.7071
vn -0.0100 0.7071 -0.7071
vn 0.7071 0.0100 -0.7071
vn 0.7071 -0.7071 0.0100
vn 0.7071 0.7071 -0.0100
vn 0.7071 0.0100 0.7071
vn -0.0100 -0.7071 0.7071
vn 0.0100 0.7071 0.7071
vn -0.7071 -0.7071 0.0100
vn -0.7071 0.0100 0.7071
vn -0.7071 0.7071 -0.0100
vn -0.7071 -0.0100 -0.7071
vn -0.0100 -0.7071 -0.7071
vn 0.0100 0.7071 -0.7071
vn 0.7071 -0.0100 -0.7071
vn 0.7071 -0.7071 -0.0100
vn 0.7071 0.7071 0.0100
vn 0.7071 -0.0100 0.7071
vn 0.0100 -0.7071 0.7071
vn -0.0100 0.7071 0.7071
vn -0.0000 0.9998 -0.0195
vn -0.0000 0.9998 0.0195
vn -0.0195 0.9998 -0.0000
vn 0.0195 0.9998 -0.0000
vn -0.0000 -0.9998 -0.0195
vn -0.0000 -0.9998 0.0195
vn 0.0195 -0.9998 -0.0000
vn -0.0195 -0.9998 -0.0000
vn 0.0195 -0.0000 0.9998
vn -0.0195 -0.0000 0.9998
vn -0.0000 0.0195 0.9998
vn -0.0000 -0.0195 0.9998
vn 0.9998 -0.0000 -0.0195
vn 0.9998 -0.0000 0.0195
vn 0.9998 0.0195 -0.0000
vn 0.9998 -0.0195 -0.0000
vn -0.0195 -0.0000 -0.9998
vn 0.0195 -0.0000 -0.9998
vn -0.0000 0.0195 -0.9998
vn -0.0000 -0.0195 -0.9998
vn -0.9998 -0.0000 0.0195
vn -0.9998 -0.0000 -0.0195
vn -0.9998 0.0195 -0.0000
vn -0.9998 -0.0195 -0.0000
vn -0.9996 -0.0195 -0.0195
vn -0.9996 0.0195 -0.0195
vn -0.9996 0.0195 0.0195
vn 0.0195 -0.0195 -0.9996
vn 0.0195 0.0195 -0.9996
vn -0.0195 0.0195 -0.9996
vn 0.9996 -0.0195 0.0195
vn 0.9996 0.0195 0.0195
vn 0.9996 0.0195 -0.0195
vn -0.0195 -0.0195 0.9996
vn -0.0195 0.0195 0.9996
vn 0.0195 0.0195 0.9996
vn -0.0195 -0.9996 0.0195
vn 0.0195 -0.9996 0.0195
vn 0.0195 -0.9996 -0.0195
vn 0.0195 0.9996 0.0195
vn -0.0195 0.9996 0.0195
vn -0.0195 0.9996 -0.0195
vn 0.0195 0.9996 -0.0195
vn -0.0195 -0.9996 -0.0195
vn 0.0195 -0.0195 0.9996
vn 0.9996 -0.0195 -0.0195
vn -0.0195 -0.0195 -0.9996
vn -0.9996 -0.0195 0.0195
vn -0.6995 -0.6995 0.1461
vn -0.6995 0.1461 0.6995
vn -0.6995 0.6995 -0.1461
vn -0.6995 -0.1461 -0.6995
vn -0.1461 -0.6995 -0.6995
vn 0.1461 0.6995 -0.6995
vn 0.6995 -0.1461 -0.6995
vn 0.6995 -0.6995 -0.1461
vn 0.6995 0.6995 0.1461
vn 0.6995 -0.1461 0.6995
vn 0.1461 -0.6995 0.6995
vn -0.1461 0.6995 0.6995
vn -0.0000 0.9709 0.2397
vn 0.2397 0.9709 -0.0000
vn -0.0000 -0.9709 0.2397
vn -0.2397 -0.9709 -0.0000
vn -0.2397 -0.0000 0.9709
vn -0.0000 -0.2397 0.9709
vn 0.9709 -0.0000 0.2397
vn 0.9709 -0.2397 -0.0000
vn 0.2397 -0.0000 -0.9709
vn -0.0000 -0.2397 -0.9709
vn -0.9709 -0.0000 -0.2397
vn -0.9709 -0.2397 -0.0000
vn -0.6995 -0.6995 -0.1461
vn -0.6995 -0.1461 0.6995
vn -0.6995 0.6995 0.1461
vn -0.6995 0.1461 -0.6995
vn 0.1461 -0.6995 -0.6995
vn -0.1461 0.6995 -0.6995
vn 0.6995 0.1461 -0.6995
vn 0.6995 -0.6995 0.1461
vn 0.6995 0.6995 -0.1461
vn 0.6995 0.1461 0.6995
vn -0.1461 -0.6995 0.6995
vn 0.1461 0.6995 0.6995
vn -0.0000 0.9709 -0.2397
vn -0.2397 0.9709 -0.0000
vn -0.0000 -0.9709 -0.2397
vn 0.2397 -0.9709 -0.0000
vn 0.2397 -0.0000 0.9709
vn -0.0000 0.2397 0.9709
vn 0.9709 -0.0000 -0.2397
vn 0.9709 0.2397 -0.0000
vn -0.2397 -0.0000 -0.9709
vn -0.0000 0.2397 -0.9709
vn -0.9709 -0.0000 0.2397
vn -0.9709 0.2397 -0.0000
vn -0.9703 -0.0176 0.2414
vn -0.9703 0.2414 -0.0176
vn -0.9703 0.0176 0.2414
vn -0.9703 -0.2414 -0.0176
vn -0.9703 0.0176 -0.2414
vn -0.9703 -0.2414 0.0176
vn -0.2414 -0.0176 -0.9703
vn 0.0176 0.2414 -0.9703
vn -0.2414 0.0176 -0.9703
vn 0.0176 -0.2414 -0.9703
vn 0.2414 0.0176 -0.9703
vn -0.0176 -0.2414 -0.9703
vn 0.9703 -0.0176 -0.2414
vn 0.9703 0.2414 0.0176
vn 0.9703 0.0176 -0.2414
vn 0.9703 -0.2414 0.0176
vn 0.9703 0.0176 0.2414
vn 0.9703 -0.2414 -0.0176
vn 0.2414 -0.0176 0.9703
vn -0.0176 0.2414 0.9703
vn 0.2414 0.0176 0.9703
vn -0.0176 -0.2414 0.9703
vn -0.2414 0.0176 0.9703
vn 0.0176 -0.2414 0.9703
vn -0.0176 -0.9703 -0.2414
vn 0.2414 -0.9703 0.0176
vn 0.0176 -0.9703 -0.2414
vn -0.2414 -0.9703 0.0176
vn 0.0176 -0.9703 0.2414
vn -0.2414 -0.9703 -0.0176
vn 0.0176 0.9703 -0.2414
vn -0.2414 0.9703 0.0176
vn -0.0176 0.9703 -0.2414
vn 0.2414 0.9703 0.0176
vn -0.0176 0.9703 0.2414
vn 0.2414 0.9703 -0.0176
vn 0.0176 0.9703 0.2414
vn -0.2414 0.9703 -0.0176
vn -0.0176 -0.9703 0.2414
vn 0.2414 -0.9703 -0.0176
vn -0.2414 -0.0176 0.9703
vn 0.0176 0.2414 0.9703
vn 0.9703 -0.0176 0.2414
vn 0.9703 0.2414 -0.0176
vn 0.2414 -0.0176 -0.9703
vn -0.0176 0.2414 -0.9703
vn -0.9703 -0.0176 -0.2414
vn -0.9703 0.2414 0.0176
vn 0.2097 0.9550 0.2097
vn 0.2097 0.9550 -0.2097
vn -0.2097 0.9550 -0.2097
vn -0.2097 -0.9550 0.2097
vn -0.2097 -0.9550 -0.2097
vn 0.2097 -0.9550 -0.2097
vn -0.2097 -0.2097 0.9550
vn 0.2097 -0.2097 0.9550
vn 0.2097 0.2097 0.9550
vn 0.9550 -0.2097 0.2097
vn 0.9550 -0.2097 -0.2097
vn 0.9550 0.2097 -0.2097
vn 0.2097 -0.2097 -0.9550
vn -0.2097 -0.2097 -0.9550
vn -0.2097 0.2097 -0.9550
vn -0.9550 -0.2097 -0.2097
vn -0.9550 -0.2097 0.2097
vn -0.9550 0.2097 0.2097
vn -0.2097 0.9550 0.2097
vn 0.2097 -0.9550 0.2097
vn -0.2097 0.2097 0.9550
vn 0.9550 0.2097 0.2097
vn 0.2097 0.2097 -0.9550
vn -0.9550 0.2097 -0.2097
vn -0.6411 -0.6411 0.4218
vn -0.6411 0.4218 0.6411
vn -0.6411 0.6411 -0.4218
vn -0.6411 -0.4218 -0.6411
vn -0.4218 -0.6411 -0.6411
vn 0.4218 0.6411 -0.6411
vn 0.6411 -0.4218 -0.6411
vn 0.6411 -0.6411 -0.4218
vn 0.6411 0.6411 0.4218
vn 0.6411 -0.4218 0.6411
vn 0.4218 -0.6411 0.6411
vn -0.4218 0.6411 0.6411
vn -0.0000 0.8489 0.5285
vn 0.5285 0.8489 -0.0000
vn -0.0000 -0.8489 0.5285
vn -0.5285 -0.8489 -0.0000
vn -0.5285 -0.0000 0.8489
vn -0.0000 -0.5285 0.8489
vn 0.8489 -0.0000 0.5285
vn 0.8489 -0.5285 -0.0000
vn 0.5285 -0.0000 -0.8489
vn -0.0000 -0.5285 -0.8489
vn -0.8489 -0.0000 -0.5285
vn -0.8489 -0.5285 -0.0000
vn -0.7064 -0.7064 -0.0448
vn -0.7064 -0.0448 0.7064
vn -0.7064 0.7064 0.0448
vn -0.7064 0.0448 -0.7064
vn 0.0448 -0.7064 -0.7064
vn -0.0448 0.7064 -0.7064
vn 0.7064 0.0448 -0.7064
vn 0.7064 -0.7064 0.0448
vn 0.7064 0.7064 -0.0448
vn 0.7064 0.0448 0.7064
vn -0.0448 -0.7064 0.7064
vn 0.0448 0.7064 0.7064
vn -0.0000 0.9962 -0.0868
vn -0.0868 0.9962 -0.0000
vn -0.0000 -0.9962 -0.0868
vn 0.0868 -0.9962 -0.0000
vn 0.0868 -0.0000 0.9962
vn -0.0000 0.0868 0.9962
vn 0.9962 -0.0000 -0.0868
vn 0.9962 0.0868 -0.0000
vn -0.0868 -0.0000 -0.9962
vn -0.0000 0.0868 -0.9962
vn -0.9962 -0.0000 0.0868
vn -0.9962 0.0868 -0.0000
vn -0.9960 -0.0195 0.0869
vn -0.9960 0.0869 -0.0195
vn -0.9960 0.0195 0.0869
vn -0.8472 -0.5312 -0.0136
vn -0.8472 0.0136 -0.5312
vn -0.8472 -0.5312 0.0136
vn -0.0869 -0.0195 -0.9960
vn 0.0195 0.0869 -0.9960
vn -0.0869 0.0195 -0.9960
vn 0.0136 -0.5312 -0.8472
vn 0.5312 0.0136 -0.8472
vn -0.0136 -0.5312 -0.8472
vn 0.9960 -0.0195 -0.0869
vn 0.9960 0.0869 0.0195
vn 0.9960 0.0195 -0.0869
vn 0.8472 -0.5312 0.0136
vn 0.8472 0.0136 0.5312
vn 0.8472 -0.5312 -0.0136
vn 0.0869 -0.0195 0.9960
vn -0.0195 0.0869 0.9960
vn 0.0869 0.0195 0.9960
vn -0.0136 -0.5312 0.8472
vn -0.5312 0.0136 0.8472
vn 0.0136 -0.5312 0.8472
vn -0.0195 -0.9960 -0.0869
vn 0.0869 -0.9960 0.0195
vn 0.0195 -0.9960 -0.0869
vn -0.5312 -0.8472 0.0136
vn 0.0136 -0.8472 0.5312
vn -0.5312 -0.8472 -0.0136
vn 0.0195 0.9960 -0.0869
vn -0.0869 0.9960 0.0195
vn -0.0195 0.9960 -0.0869
vn 0.5312 0.8472 0.0136
vn -0.0136 0.8472 0.5312
vn 0.5312 0.8472 -0.0136
vn 0.0136 0.8472 0.5312
vn -0.0869 0.9960 -0.0195
vn -0.0136 -0.8472 0.5312
vn 0.0869 -0.9960 -0.0195
vn -0.5312 -0.0136 0.8472
vn 0.0195 0.0869 0.9960
vn 0.8472 -0.0136 0.5312
vn 0.9960 0.0869 -0.0195
vn 0.5312 -0.0136 -0.8472
vn -0.0195 0.0869 -0.9960
vn -0.8472 -0.0136 -0.5312
vn -0.9960 0.0869 0.0195
vn -0.7064 -0.7064 0.0448
vn -0.7064 0.0448 0.7064
vn -0.7064 0.7064 -0.0448
vn -0.7064 -0.0448 -0.7064
vn -0.0448 -0.7064 -0.7064
vn 0.0448 0.7064 -0.7064
vn 0.7064 -0.0448 -0.7064
vn 0.7064 -0.7064 -0.0448
vn 0.7064 0.7064 0.0448
vn 0.7064 -0.0448 0.7064
vn 0.0448 -0.7064 0.7064
vn -0.0448 0.7064 0.7064
vn -0.0000 0.9962 0.0868
vn 0.0868 0.9962 -0.0000
vn -0.0000 -0.9962 0.0868
vn -0.0868 -0.9962 -0.0000
vn -0.0868 -0.0000 0.9962
vn -0.0000 -0.0868 0.9962
vn 0.9962 -0.0000 0.0868
vn 0.9962 -0.0868 -0.0000
vn 0.0868 -0.0000 -0.9962
vn -0.0000 -0.0868 -0.9962
vn -0.9962 -0.0000 -0.0868
vn -0.9962 -0.0868 -0.0000
vn -0.6411 -0.6411 -0.4218
vn -0.6411 -0.4218 0.6411
vn -0.6411 0.6411 0.4218
vn -0.6411 0.4218 -0.6411
vn 0.4218 -0.6411 -0.6411
vn -0.4218 0.6411 -0.6411
vn 0.6411 0.4218 -0.6411
vn 0.6411 -0.6411 0.4218
vn 0.6411 0.6411 -0.4218
vn 0.6411 0.4218 0.6411
vn -0.4218 -0.6411 0.6411
vn 0.4218 0.6411 0.6411
vn -0.0000 0.8489 -0.5285
vn -0.5285 0.8489 -0.0000
vn -0.0000 -0.8489 -0.5285
vn 0.5285 -0.8489 -0.0000
vn 0.5285 -0.0000 0.8489
vn -0.0000 0.5285 0.8489
vn 0.8489 -0.0000 -0.5285
vn 0.8489 0.5285 -0.0000
vn -0.5285 -0.0000 -0.8489
vn -0.0000 0.5285 -0.8489
vn -0.8489 -0.0000 0.5285
vn -0.8489 0.5285 -0.0000
vn -0.8472 -0.0136 0.5312
vn -0.8472 0.5312 -0.0136
vn -0.8472 0.0136 0.5312
vn -0.9960 -0.0869 -0.0195
vn -0.9960 0.0195 -0.0869
vn -0.9960 -0.0869 0.0195
vn -0.5312 -0.0136 -0.8472
vn 0.0136 0.5312 -0.8472
vn -0.5312 0.0136 -0.8472
vn 0.0195 -0.0869 -0.9960
vn 0.0869 0.0195 -0.9960
vn -0.0195 -0.0869 -0.9960
vn 0.8472 -0.0136 -0.5312
vn 0.8472 0.5312 0.0136
vn 0.8472 0.0136 -0.5312
vn 0.9960 -0.0869 0.0195
vn 0.9960 0.0195 0.0869
vn 0.9960 -0.0869 -0.0195
vn 0.5312 -0.0136 0.8472
vn -0.0136 0.5312 0.8472
vn 0.5312 0.0136 0.8472
vn -0.0195 -0.0869 0.9960
vn -0.0869 0.0195 0.9960
vn 0.0195 -0.0869 0.9960
vn -0.0136 -0.8472 -0.5312
vn 0.5312 -0.8472 0.0136
vn 0.0136 -0.8472 -0.5312
vn -0.0869 -0.9960 0.0195
vn 0.0195 -0.9960 0.0869
vn -0.0869 -0.9960 -0.0195
vn 0.0136 0.8472 -0.5312
vn -0.5312 0.8472 0.0136
vn -0.0136 0.8472 -0.5312
vn 0.0869 0.9960 0.0195
vn -0.0195 0.9960 0.0869
vn 0.0869 0.9960 -0.0195
vn 0.0195 0.9960 0.0869
vn -0.5312 0.8472 -0.0136
vn -0.0195 -0.9960 0.0869
vn 0.5312 -0.8472 -0.0136
vn -0.0869 -0.0195 0.9960
vn 0.0136 0.5312 0.8472
vn 0.9960 -0.0195 0.0869
vn 0.8472 0.5312 -0.0136
vn 0.0869 -0.0195 -0.9960
vn -0.0136 0.5312 -0.8472
vn -0.9960 -0.0195 -0.0869
vn -0.8472 0.5312 0.0136
vn 0.1779 0.8505 0.4949
vn 0.2366 0.9679 0.0851
vn 0.4949 0.8505 0.1779
vn 0.0851 0.9679 0.2366
vn 0.2366 0.9679 -0.0851
vn 0.1779 0.8505 -0.4949
vn 0.4949 0.8505 -0.1779
vn 0.0851 0.9679 -0.2366
vn -0.2366 0.9679 -0.0851
vn -0.1779 0.8505 -0.4949
vn -0.0851 0.9679 -0.2366
vn -0.4949 0.8505 -0.1779
vn -0.1779 -0.8505 0.4949
vn -0.2366 -0.9679 0.0851
vn -0.4949 -0.8505 0.1779
vn -0.0851 -0.9679 0.2366
vn -0.2366 -0.9679 -0.0851
vn -0.1779 -0.8505 -0.4949
vn -0.4949 -0.8505 -0.1779
vn -0.0851 -0.9679 -0.2366
vn 0.2366 -0.9679 -0.0851
vn 0.1779 -0.8505 -0.4949
vn 0.0851 -0.9679 -0.2366
vn 0.4949 -0.8505 -0.1779
vn -0.4949 -0.1779 0.8505
vn -0.0851 -0.2366 0.9679
vn -0.1779 -0.4949 0.8505
vn -0.2366 -0.0851 0.9679
vn 0.0851 -0.2366 0.9679
vn 0.4949 -0.1779 0.8505
vn 0.1779 -0.4949 0.8505
vn 0.2366 -0.0851 0.9679
vn 0.0851 0.2366 0.9679
vn 0.4949 0.1779 0.8505
vn 0.2366 0.0851 0.9679
vn 0.1779 0.4949 0.8505
vn 0.8505 -0.1779 0.4949
vn 0.9679 -0.2366 0.0851
vn 0.8505 -0.4949 0.1779
vn 0.9679 -0.0851 0.2366
vn 0.9679 -0.2366 -0.0851
vn 0.8505 -0.1779 -0.4949
vn 0.8505 -0.4949 -0.1779
vn 0.9679 -0.0851 -0.2366
vn 0.9679 0.2366 -0.0851
vn 0.8505 0.1779 -0.4949
vn 0.9679 0.0851 -0.2366
vn 0.8505 0.4949 -0.1779
vn 0.4949 -0.1779 -0.8505
vn 0.0851 -0.2366 -0.9679
vn 0.1779 -0.4949 -0.8505
vn 0.2366 -0.0851 -0.9679
vn -0.0851 -0.2366 -0.9679
vn -0.4949 -0.1779 -0.8505
vn -0.1779 -0.4949 -0.8505
vn -0.2366 -0.0851 -0.9679
vn -0.0851 0.2366 -0.9679
vn -0.4949 0.1779 -0.8505
vn -0.2366 0.0851 -0.9679
vn -0.1779 0.4949 -0.8505
vn -0.8505 -0.1779 -0.4949
vn -0.9679 -0.2366 -0.0851
vn -0.8505 -0.4949 -0.1779
vn -0.9679 -0.0851 -0.2366
vn -0.9679 -0.2366 0.0851
vn -0.8505 -0.1779 0.4949
vn -0.8505 -0.4949 0.1779
vn -0.9679 -0.0851 0.2366
vn -0.9679 0.2366 0.0851
vn -0.8505 0.1779 0.4949
vn -0.9679 0.0851 0.2366
vn -0.8505 0.4949 0.1779
vn -0.1779 0.8505 0.4949
vn -0.2366 0.9679 0.0851
vn -0.0851 0.9679 0.2366
vn -0.4949 0.8505 0.1779
vn 0.1779 -0.8505 0.4949
vn 0.2366 -0.9679 0.0851
vn 0.0851 -0.9679 0.2366
vn 0.4949 -0.8505 0.1779
vn -0.4949 0.1779 0.8505
vn -0.0851 0.2366 0.9679
vn -0.2366 0.0851 0.9679
vn -0.1779 0.4949 0.8505
vn 0.8505 0.1779 0.4949
vn 0.9679 0.2366 0.0851
vn 0.9679 0.0851 0.2366
vn 0.8505 0.4949 0.1779
vn 0.4949 0.1779 -0.8505
vn 0.0851 0.2366 -0.9679
vn 0.2366 0.0851 -0.9679
vn 0.1779 0.4949 -0.8505
vn -0.8505 0.1779 -0.4949
vn -0.9679 0.2366 -0.0851
vn -0.9679 0.0851 -0.2366
vn -0.8505 0.4949 -0.1779
vn -0.8538 0.5166 -0.0646
vn -0.9921 0.0884 -0.0884
vn -0.8538 0.0646 -0.5166
vn 0.0646 0.5166 -0.8538
vn 0.0884 0.0884 -0.9921
vn 0.5166 0.0646 -0.8538
vn 0.8538 0.5166 0.0646
vn 0.9921 0.0884 0.0884
vn 0.8538 0.0646 0.5166
vn -0.0646 0.5166 0.8538
vn -0.0884 0.0884 0.9921
vn -0.5166 0.0646 0.8538
vn 0.5166 -0.8538 0.0646
vn 0.0884 -0.9921 0.0884
vn 0.0646 -0.8538 0.5166
vn -0.5166 0.8538 0.0646
vn -0.0884 0.9921 0.0884
vn -0.0646 0.8538 0.5166
vn -0.7788 0.4436 0.4436
vn -0.8538 0.0646 0.5166
vn -0.9921 0.0884 0.0884
vn -0.8538 -0.0646 0.5166
vn -0.7788 -0.4436 0.4436
vn -0.8538 -0.5166 0.0646
vn -0.9921 -0.0884 -0.0884
vn -0.8538 -0.5166 -0.0646
vn -0.7788 -0.4436 -0.4436
vn -0.4436 0.4436 -0.7788
vn -0.5166 0.0646 -0.8538
vn -0.0884 0.0884 -0.9921
vn -0.5166 -0.0646 -0.8538
vn -0.4436 -0.4436 -0.7788
vn -0.0646 -0.5166 -0.8538
vn 0.0884 -0.0884 -0.9921
vn 0.0646 -0.5166 -0.8538
vn 0.4436 -0.4436 -0.7788
vn 0.7788 0.4436 -0.4436
vn 0.8538 0.0646 -0.5166
vn 0.9921 0.0884 -0.0884
vn 0.8538 -0.0646 -0.5166
vn 0.7788 -0.4436 -0.4436
vn 0.8538 -0.5166 -0.0646
vn 0.9921 -0.0884 0.0884
vn 0.8538 -0.5166 0.0646
vn 0.7788 -0.4436 0.4436
vn 0.4436 0.4436 0.7788
vn 0.5166 0.0646 0.8538
vn 0.0884 0.0884 0.9921
vn 0.5166 -0.0646 0.8538
vn 0.4436 -0.4436 0.7788
vn 0.0646 -0.5166 0.8538
vn -0.0884 -0.0884 0.9921
vn -0.0646 -0.5166 0.8538
vn -0.4436 -0.4436 0.7788
vn 0.4436 -0.7788 -0.4436
vn 0.0646 -0.8538 -0.5166
vn 0.0884 -0.9921 -0.0884
vn -0.0646 -0.8538 -0.5166
vn -0.4436 -0.7788 -0.4436
vn -0.5166 -0.8538 -0.0646
vn -0.0884 -0.9921 0.0884
vn -0.5166 -0.8538 0.0646
vn -0.4436 -0.7788 0.4436
vn -0.4436 0.7788 -0.4436
vn -0.0646 0.8538 -0.5166
vn -0.0884 0.9921 -0.0884
vn 0.0646 0.8538 -0.5166
vn 0.4436 0.7788 -0.4436
vn 0.5166 0.8538 -0.0646
vn 0.0884 0.9921 0.0884
vn 0.5166 0.8538 0.0646
vn 0.4436 0.7788 0.4436
vn 0.0646 0.8538 0.5166
vn 0.0884 0.9921 -0.0884
vn -0.5166 0.8538 -0.0646
vn -0.0646 -0.8538 0.5166
vn -0.0884 -0.9921 -0.0884
vn 0.5166 -0.8538 -0.0646
vn -0.5166 -0.0646 0.8538
vn 0.0884 -0.0884 0.9921
vn 0.0646 0.5166 0.8538
vn 0.8538 -0.0646 0.5166
vn 0.9921 -0.0884 -0.0884
vn 0.8538 0.5166 -0.0646
vn 0.5166 -0.0646 -0.8538
vn -0.0884 -0.0884 -0.9921
vn -0.0646 0.5166 -0.8538
vn -0.8538 -0.0646 -0.5166
vn -0.9921 -0.0884 0.0884
vn -0.8538 0.5166 0.0646
vn -0.4436 0.7788 0.4436
vn 0.4436 -0.7788 0.4436
vn -0.4436 0.4436 0.7788
vn 0.7788 0.4436 0.4436
vn 0.4436 0.4436 -0.7788
vn -0.7788 0.4436 -0.4436
vt 0.062500 0.937500
vt 0.062500 1.000000
vt 0.000000 1.000000
vt 0.000000 0.937500
vt 0.601647 0.027428
vt 0.601101 0.027428
vt 0.601101 0.026882
vt 0.601647 0.026882
vt 0.437585 0.886803
vt 0.437039 0.886803
vt 0.437039 0.886257
vt 0.437585 0.886257
vt 0.441952 0.886803
vt 0.441406 0.886803
vt 0.441406 0.886257
vt 0.441952 0.886257
vt 0.441952 0.891171
vt 0.441406 0.891171
vt 0.441406 0.890625
vt 0.441952 0.890625
vt 0.437585 0.891171
vt 0.437039 0.891171
vt 0.437039 0.890625
vt 0.437585 0.890625
vt 0.606015 0.027428
vt 0.605469 0.027428
vt 0.605469 0.026882
vt 0.606015 0.026882
vt 0.606015 0.031796
vt 0.605469 0.031796
vt 0.605469 0.031250
vt 0.606015 0.031250
vt 0.601647 0.031796
vt 0.601101 0.031796
vt 0.601101 0.031250
vt 0.601647 0.031250
vt 0.062500 0.437500
vt 0.062500 0.500000
vt 0.000000 0.500000
vt 0.000000 0.437500
vt 0.562500 0.437500
vt 0.562500 0.500000
vt 0.500000 0.500000
vt 0.500000 0.437500
vt 0.562500 0.937500
vt 0.562500 1.000000
vt 0.500000 1.000000
vt 0.500000 0.937500
vt 0.562500 0.687500
vt 0.562500 0.750000
vt 0.500000 0.750000
vt 0.500000 0.687500
vt 0.812500 0.687500
vt 0.812500 0.750000
vt 0.750000 0.750000
vt 0.750000 0.687500
vt 0.812500 0.937500
vt 0.812500 1.000000
vt 0.750000 1.000000
vt 0.750000 0.937500
vt 0.562500 0.187500
vt 0.562500 0.250000
vt 0.500000 0.250000
vt 0.500000 0.187500
vt 0.812500 0.187500
vt 0.812500 0.250000
vt 0.750000 0.250000
vt 0.750000 0.187500
vt 0.812500 0.437500
vt 0.812500 0.500000
vt 0.750000 0.500000
vt 0.750000 0.437500
vt 0.062500 0.187500
vt 0.062500 0.250000
vt 0.000000 0.250000
vt 0.000000 0.187500
vt 0.312500 0.187500
vt 0.312500 0.250000
vt 0.250000 0.250000
vt 0.250000 0.187500
vt 0.312500 0.437500
vt 0.312500 0.500000
vt 0.250000 0.500000
vt 0.250000 0.437500
vt 0.603831 0.031796
vt 0.603285 0.031796
vt 0.603285 0.031250
vt 0.603831 0.031250
vt 0.603831 0.033980
vt 0.603285 0.033980
vt 0.603285 0.033434
vt 0.603831 0.033434
vt 0.601647 0.033980
vt 0.601101 0.033980
vt 0.601101 0.033434
vt 0.601647 0.033434
vt 0.608198 0.031796
vt 0.607653 0.031796
vt 0.607653 0.031250
vt 0.608198 0.031250
vt 0.608198 0.033980
vt 0.607653 0.033980
vt 0.607653 0.033434
vt 0.608198 0.033434
vt 0.606015 0.033980
vt 0.605469 0.033980
vt 0.605469 0.033434
vt 0.606015 0.033434
vt 0.608198 0.027428
vt 0.607653 0.027428
vt 0.607653 0.026882
vt 0.608198 0.026882
vt 0.608198 0.029612
vt 0.607653 0.029612
vt 0.607653 0.029066
vt 0.608198 0.029066
vt 0.606015 0.029612
vt 0.605469 0.029612
vt 0.605469 0.029066
vt 0.606015 0.029066
vt 0.439768 0.891171
vt 0.439222 0.891171
vt 0.439222 0.890625
vt 0.439768 0.890625
vt 0.439768 0.893355
vt 0.439222 0.893355
vt 0.439222 0.892809
vt 0.439768 0.892809
vt 0.437585 0.893355
vt 0.437039 0.893355
vt 0.437039 0.892809
vt 0.437585 0.892809
vt 0.444136 0.891171
vt 0.443590 0.891171
vt 0.443590 0.890625
vt 0.444136 0.890625
vt 0.444136 0.893355
vt 0.443590 0.893355
vt 0.443590 0.892809
vt 0.444136 0.892809
vt 0.441952 0.893355
vt 0.441406 0.893355
vt 0.441406 0.892809
vt 0.441952 0.892809
vt 0.444136 0.886803
vt 0.443590 0.886803
vt 0.443590 0.886257
vt 0.444136 0.886257
vt 0.444136 0.888987
vt 0.443590 0.888987
vt 0.443590 0.888441
vt 0.444136 0.888441
vt 0.441952 0.888987
vt 0.441406 0.888987
vt 0.441406 0.888441
vt 0.441952 0.888441
vt 0.439768 0.886803
vt 0.439222 0.886803
vt 0.439222 0.886257
vt 0.439768 0.886257
vt 0.439768 0.888987
vt 0.439222 0.888987
vt 0.439222 0.888441
vt 0.439768 0.888441
vt 0.437585 0.888987
vt 0.437039 0.888987
vt 0.437039 0.888441
vt 0.437585 0.888441
vt 0.603831 0.027428
vt 0.603285 0.027428
vt 0.603285 0.026882
vt 0.603831 0.026882
vt 0.603831 0.029612
vt 0.603285 0.029612
vt 0.603285 0.029066
vt 0.603831 0.029066
vt 0.601647 0.029612
vt 0.601101 0.029612
vt 0.601101 0.029066
vt 0.601647 0.029066
vt 0.062500 0.687500
vt 0.062500 0.750000
vt 0.000000 0.750000
vt 0.000000 0.687500
vt 0.312500 0.687500
vt 0.312500 0.750000
vt 0.250000 0.750000
vt 0.250000 0.687500
vt 0.312500 0.937500
vt 0.312500 1.000000
vt 0.250000 1.000000
vt 0.250000 0.937500
vt 0.312500 0.812500
vt 0.312500 0.875000
vt 0.250000 0.875000
vt 0.250000 0.812500
vt 0.437500 0.812500
vt 0.437500 0.875000
vt 0.375000 0.875000
vt 0.375000 0.812500
vt 0.437500 0.937500
vt 0.437500 1.000000
vt 0.375000 1.000000
vt 0.375000 0.937500
vt 0.312500 0.562500
vt 0.312500 0.625000
vt 0.250000 0.625000
vt 0.250000 0.562500
vt 0.437500 0.562500
vt 0.437500 0.625000
vt 0.375000 0.625000
vt 0.375000 0.562500
vt 0.437500 0.687500
vt 0.437500 0.750000
vt 0.375000 0.750000
vt 0.375000 0.687500
vt 0.062500 0.562500
vt 0.062500 0.625000
vt 0.000000 0.625000
vt 0.000000 0.562500
vt 0.187500 0.562500
vt 0.187500 0.625000
vt 0.125000 0.625000
vt 0.125000 0.562500
vt 0.187500 0.687500
vt 0.187500 0.750000
vt 0.125000 0.750000
vt 0.125000 0.687500
vt 0.602739 0.029612
vt 0.602193 0.029612
vt 0.602193 0.029066
vt 0.602739 0.029066
vt 0.602739 0.030704
vt 0.602193 0.030704
vt 0.602193 0.030158
vt 0.602739 0.030158
vt 0.601647 0.030704
vt 0.601101 0.030704
vt 0.601101 0.030158
vt 0.601647 0.030158
vt 0.604923 0.029612
vt 0.604377 0.029612
vt 0.604377 0.029066
vt 0.604923 0.029066
vt 0.604923 0.030704
vt 0.604377 0.030704
vt 0.604377 0.030158
vt 0.604923 0.030158
vt 0.603831 0.030704
vt 0.603285 0.030704
vt 0.603285 0.030158
vt 0.603831 0.030158
vt 0.604923 0.027428
vt 0.604377 0.027428
vt 0.604377 0.026882
vt 0.604923 0.026882
vt 0.604923 0.028520
vt 0.604377 0.028520
vt 0.604377 0.027974
vt 0.604923 0.027974
vt 0.603831 0.028520
vt 0.603285 0.028520
vt 0.603285 0.027974
vt 0.603831 0.027974
vt 0.438677 0.888987
vt 0.438131 0.888987
vt 0.438131 0.888441
vt 0.438677 0.888441
vt 0.438677 0.890079
vt 0.438131 0.890079
vt 0.438131 0.889533
vt 0.438677 0.889533
vt 0.437585 0.890079
vt 0.437039 0.890079
vt 0.437039 0.889533
vt 0.437585 0.889533
vt 0.440860 0.888987
vt 0.440314 0.888987
vt 0.440314 0.888441
vt 0.440860 0.888441
vt 0.440860 0.890079
vt 0.440314 0.890079
vt 0.440314 0.889533
vt 0.440860 0.889533
vt 0.439768 0.890079
vt 0.439222 0.890079
vt 0.439222 0.889533
vt 0.439768 0.889533
vt 0.440860 0.886803
vt 0.440314 0.886803
vt 0.440314 0.886257
vt 0.440860 0.886257
vt 0.440860 0.887895
vt 0.440314 0.887895
vt 0.440314 0.887349
vt 0.440860 0.887349
vt 0.439768 0.887895
vt 0.439222 0.887895
vt 0.439222 0.887349
vt 0.439768 0.887349
vt 0.443044 0.888987
vt 0.442498 0.888987
vt 0.442498 0.888441
vt 0.443044 0.888441
vt 0.443044 0.890079
vt 0.442498 0.890079
vt 0.442498 0.889533
vt 0.443044 0.889533
vt 0.441952 0.890079
vt 0.441406 0.890079
vt 0.441406 0.889533
vt 0.441952 0.889533
vt 0.445228 0.888987
vt 0.444682 0.888987
vt 0.444682 0.888441
vt 0.445228 0.888441
vt 0.445228 0.890079
vt 0.444682 0.890079
vt 0.444682 0.889533
vt 0.445228 0.889533
vt 0.444136 0.890079
vt 0.443590 0.890079
vt 0.443590 0.889533
vt 0.444136 0.889533
vt 0.445228 0.886803
vt 0.444682 0.886803
vt 0.444682 0.886257
vt 0.445228 0.886257
vt 0.445228 0.887895
vt 0.444682 0.887895
vt 0.444682 0.887349
vt 0.445228 0.887349
vt 0.444136 0.887895
vt 0.443590 0.887895
vt 0.443590 0.887349
vt 0.444136 0.887349
vt 0.443044 0.893355
vt 0.442498 0.893355
vt 0.442498 0.892809
vt 0.443044 0.892809
vt 0.443044 0.894447
vt 0.442498 0.894447
vt 0.442498 0.893901
vt 0.443044 0.893901
vt 0.441952 0.894447
vt 0.441406 0.894447
vt 0.441406 0.893901
vt 0.441952 0.893901
vt 0.445228 0.893355
vt 0.444682 0.893355
vt 0.444682 0.892809
vt 0.445228 0.892809
vt 0.445228 0.894447
vt 0.444682 0.894447
vt 0.444682 0.893901
vt 0.445228 0.893901
vt 0.444136 0.894447
vt 0.443590 0.894447
vt 0.443590 0.893901
vt 0.444136 0.893901
vt 0.445228 0.891171
vt 0.444682 0.891171
vt 0.444682 0.890625
vt 0.445228 0.890625
vt 0.445228 0.892263
vt 0.444682 0.892263
vt 0.444682 0.891717
vt 0.445228 0.891717
vt 0.444136 0.892263
vt 0.443590 0.892263
vt 0.443590 0.891717
vt 0.444136 0.891717
vt 0.438677 0.893355
vt 0.438131 0.893355
vt 0.438131 0.892809
vt 0.438677 0.892809
vt 0.438677 0.894447
vt 0.438131 0.894447
vt 0.438131 0.893901
vt 0.438677 0.893901
vt 0.437585 0.894447
vt 0.437039 0.894447
vt 0.437039 0.893901
vt 0.437585 0.893901
vt 0.440860 0.893355
vt 0.440314 0.893355
vt 0.440314 0.892809
vt 0.440860 0.892809
vt 0.440860 0.894447
vt 0.440314 0.894447
vt 0.440314 0.893901
vt 0.440860 0.893901
vt 0.439768 0.894447
vt 0.439222 0.894447
vt 0.439222 0.893901
vt 0.439768 0.893901
vt 0.440860 0.891171
vt 0.440314 0.891171
vt 0.440314 0.890625
vt 0.440860 0.890625
vt 0.440860 0.892263
vt 0.440314 0.892263
vt 0.440314 0.891717
vt 0.440860 0.891717
vt 0.439768 0.892263
vt 0.439222 0.892263
vt 0.439222 0.891717
vt 0.439768 0.891717
vt 0.607107 0.029612
vt 0.606561 0.029612
vt 0.606561 0.029066
vt 0.607107 0.029066
vt 0.607107 0.030704
vt 0.606561 0.030704
vt 0.606561 0.030158
vt 0.607107 0.030158
vt 0.606015 0.030704
vt 0.605469 0.030704
vt 0.605469 0.030158
vt 0.606015 0.030158
vt 0.609290 0.029612
vt 0.608744 0.029612
vt 0.608744 0.029066
vt 0.609290 0.029066
vt 0.609290 0.030704
vt 0.608744 0.030704
vt 0.608744 0.030158
vt 0.609290 0.030158
vt 0.608198 0.030704
vt 0.607653 0.030704
vt 0.607653 0.030158
vt 0.608198 0.030158
vt 0.609290 0.027428
vt 0.608744 0.027428
vt 0.608744 0.026882
vt 0.609290 0.026882
vt 0.609290 0.028520
vt 0.608744 0.028520
vt 0.608744 0.027974
vt 0.609290 0.027974
vt 0.608198 0.028520
vt 0.607653 0.028520
vt 0.607653 0.027974
vt 0.608198 0.027974
vt 0.607107 0.033980
vt 0.606561 0.033980
vt 0.606561 0.033434
vt 0.607107 0.033434
vt 0.607107 0.035072
vt 0.606561 0.035072
vt 0.606561 0.034526
vt 0.607107 0.034526
vt 0.606015 0.035072
vt 0.605469 0.035072
vt 0.605469 0.034526
vt 0.606015 0.034526
vt 0.609290 0.033980
vt 0.608744 0.033980
vt 0.608744 0.033434
vt 0.609290 0.033434
vt 0.609290 0.035072
vt 0.608744 0.035072
vt 0.608744 0.034526
vt 0.609290 0.034526
vt 0.608198 0.035072
vt 0.607653 0.035072
vt 0.607653 0.034526
vt 0.608198 0.034526
vt 0.609290 0.031796
vt 0.608744 0.031796
vt 0.608744 0.031250
vt 0.609290 0.031250
vt 0.609290 0.032888
vt 0.608744 0.032888
vt 0.608744 0.032342
vt 0.609290 0.032342
vt 0.608198 0.032888
vt 0.607653 0.032888
vt 0.607653 0.032342
vt 0.608198 0.032342
vt 0.602739 0.033980
vt 0.602193 0.033980
vt 0.602193 0.033434
vt 0.602739 0.033434
vt 0.602739 0.035072
vt 0.602193 0.035072
vt 0.602193 0.034526
vt 0.602739 0.034526
vt 0.601647 0.035072
vt 0.601101 0.035072
vt 0.601101 0.034526
vt 0.601647 0.034526
vt 0.604923 0.033980
vt 0.604377 0.033980
vt 0.604377 0.033434
vt 0.604923 0.033434
vt 0.604923 0.035072
vt 0.604377 0.035072
vt 0.604377 0.034526
vt 0.604923 0.034526
vt 0.603831 0.035072
vt 0.603285 0.035072
vt 0.603285 0.034526
vt 0.603831 0.034526
vt 0.604923 0.031796
vt 0.604377 0.031796
vt 0.604377 0.031250
vt 0.604923 0.031250
vt 0.604923 0.032888
vt 0.604377 0.032888
vt 0.604377 0.032342
vt 0.604923 0.032342
vt 0.603831 0.032888
vt 0.603285 0.032888
vt 0.603285 0.032342
vt 0.603831 0.032342
vt 0.312500 0.312500
vt 0.312500 0.375000
vt 0.250000 0.375000
vt 0.250000 0.312500
vt 0.437500 0.312500
vt 0.437500 0.375000
vt 0.375000 0.375000
vt 0.375000 0.312500
vt 0.437500 0.437500
vt 0.437500 0.500000
vt 0.375000 0.500000
vt 0.375000 0.437500
vt 0.312500 0.062500
vt 0.312500 0.125000
vt 0.250000 0.125000
vt 0.250000 0.062500
vt 0.437500 0.062500
vt 0.437500 0.125000
vt 0.375000 0.125000
vt 0.375000 0.062500
vt 0.437500 0.187500
vt 0.437500 0.250000
vt 0.375000 0.250000
vt 0.375000 0.187500
vt 0.062500 0.062500
vt 0.062500 0.125000
vt 0.000000 0.125000
vt 0.000000 0.062500
vt 0.187500 0.062500
vt 0.187500 0.125000
vt 0.125000 0.125000
vt 0.125000 0.062500
vt 0.187500 0.187500
vt 0.187500 0.250000
vt 0.125000 0.250000
vt 0.125000 0.187500
vt 0.812500 0.312500
vt 0.812500 0.375000
vt 0.750000 0.375000
vt 0.750000 0.312500
vt 0.937500 0.312500
vt 0.937500 0.375000
vt 0.875000 0.375000
vt 0.875000 0.312500
vt 0.937500 0.437500
vt 0.937500 0.500000
vt 0.875000 0.500000
vt 0.875000 0.437500
vt 0.812500 0.062500
vt 0.812500 0.125000
vt 0.750000 0.125000
vt 0.750000 0.062500
vt 0.937500 0.062500
vt 0.937500 0.125000
vt 0.875000 0.125000
vt 0.875000 0.062500
vt 0.937500 0.187500
vt 0.937500 0.250000
vt 0.875000 0.250000
vt 0.875000 0.187500
vt 0.562500 0.062500
vt 0.562500 0.125000
vt 0.500000 0.125000
vt 0.500000 0.062500
vt 0.687500 0.062500
vt 0.687500 0.125000
vt 0.625000 0.125000
vt 0.625000 0.062500
vt 0.687500 0.187500
vt 0.687500 0.250000
vt 0.625000 0.250000
vt 0.625000 0.187500
vt 0.812500 0.812500
vt 0.812500 0.875000
vt 0.750000 0.875000
vt 0.750000 0.812500
vt 0.937500 0.812500
vt 0.937500 0.875000
vt 0.875000 0.875000
vt 0.875000 0.812500
vt 0.937500 0.937500
vt 0.937500 1.000000
vt 0.875000 1.000000
vt 0.875000 0.937500
vt 0.812500 0.562500
vt 0.812500 0.625000
vt 0.750000 0.625000
vt 0.750000 0.562500
vt 0.937500 0.562500
vt 0.937500 0.625000
vt 0.875000 0.625000
vt 0.875000 0.562500
vt 0.937500 0.687500
vt 0.937500 0.750000
vt 0.875000 0.750000
vt 0.875000 0.687500
vt 0.562500 0.562500
vt 0.562500 0.625000
vt 0.500000 0.625000
vt 0.500000 0.562500
vt 0.687500 0.562500
vt 0.687500 0.625000
vt 0.625000 0.625000
vt 0.625000 0.562500
vt 0.687500 0.687500
vt 0.687500 0.750000
vt 0.625000 0.750000
vt 0.625000 0.687500
vt 0.562500 0.812500
vt 0.562500 0.875000
vt 0.500000 0.875000
vt 0.500000 0.812500
vt 0.687500 0.812500
vt 0.687500 0.875000
vt 0.625000 0.875000
vt 0.625000 0.812500
vt 0.687500 0.937500
vt 0.687500 1.000000
vt 0.625000 1.000000
vt 0.625000 0.937500
vt 0.562500 0.312500
vt 0.562500 0.375000
vt 0.500000 0.375000
vt 0.500000 0.312500
vt 0.687500 0.312500
vt 0.687500 0.375000
vt 0.625000 0.375000
vt 0.625000 0.312500
vt 0.687500 0.437500
vt 0.687500 0.500000
vt 0.625000 0.500000
vt 0.625000 0.437500
vt 0.062500 0.312500
vt 0.062500 0.375000
vt 0.000000 0.375000
vt 0.000000 0.312500
vt 0.187500 0.312500
vt 0.187500 0.375000
vt 0.125000 0.375000
vt 0.125000 0.312500
vt 0.187500 0.437500
vt 0.187500 0.500000
vt 0.125000 0.500000
vt 0.125000 0.437500
vt 0.602739 0.031796
vt 0.602193 0.031796
vt 0.602193 0.031250
vt 0.602739 0.031250
vt 0.602739 0.032888
vt 0.602193 0.032888
vt 0.602193 0.032342
vt 0.602739 0.032342
vt 0.601647 0.032888
vt 0.601101 0.032888
vt 0.601101 0.032342
vt 0.601647 0.032342
vt 0.607107 0.031796
vt 0.606561 0.031796
vt 0.606561 0.031250
vt 0.607107 0.031250
vt 0.607107 0.032888
vt 0.606561 0.032888
vt 0.606561 0.032342
vt 0.607107 0.032342
vt 0.606015 0.032888
vt 0.605469 0.032888
vt 0.605469 0.032342
vt 0.606015 0.032342
vt 0.607107 0.027428
vt 0.606561 0.027428
vt 0.606561 0.026882
vt 0.607107 0.026882
vt 0.607107 0.028520
vt 0.606561 0.028520
vt 0.606561 0.027974
vt 0.607107 0.027974
vt 0.606015 0.028520
vt 0.605469 0.028520
vt 0.605469 0.027974
vt 0.606015 0.027974
vt 0.438677 0.891171
vt 0.438131 0.891171
vt 0.438131 0.890625
vt 0.438677 0.890625
vt 0.438677 0.892263
vt 0.438131 0.892263
vt 0.438131 0.891717
vt 0.438677 0.891717
vt 0.437585 0.892263
vt 0.437039 0.892263
vt 0.437039 0.891717
vt 0.437585 0.891717
vt 0.443044 0.891171
vt 0.442498 0.891171
vt 0.442498 0.890625
vt 0.443044 0.890625
vt 0.443044 0.892263
vt 0.442498 0.892263
vt 0.442498 0.891717
vt 0.443044 0.891717
vt 0.441952 0.892263
vt 0.441406 0.892263
vt 0.441406 0.891717
vt 0.441952 0.891717
vt 0.443044 0.886803
vt 0.442498 0.886803
vt 0.442498 0.886257
vt 0.443044 0.886257
vt 0.443044 0.887895
vt 0.442498 0.887895
vt 0.442498 0.887349
vt 0.443044 0.887349
vt 0.441952 0.887895
vt 0.441406 0.887895
vt 0.441406 0.887349
vt 0.441952 0.887349
vt 0.438677 0.886803
vt 0.438131 0.886803
vt 0.438131 0.886257
vt 0.438677 0.886257
vt 0.438677 0.887895
vt 0.438131 0.887895
vt 0.438131 0.887349
vt 0.438677 0.887349
vt 0.437585 0.887895
vt 0.437039 0.887895
vt 0.437039 0.887349
vt 0.437585 0.887349
vt 0.602739 0.027428
vt 0.602193 0.027428
vt 0.602193 0.026882
vt 0.602739 0.026882
vt 0.602739 0.028520
vt 0.602193 0.028520
vt 0.602193 0.027974
vt 0.602739 0.027974
vt 0.601647 0.028520
vt 0.601101 0.028520
vt 0.601101 0.027974
vt 0.601647 0.027974
vt 0.062500 0.812500
vt 0.062500 0.875000
vt 0.000000 0.875000
vt 0.000000 0.812500
vt 0.187500 0.812500
vt 0.187500 0.875000
vt 0.125000 0.875000
vt 0.125000 0.812500
vt 0.187500 0.937500
vt 0.187500 1.000000
vt 0.125000 1.000000
vt 0.125000 0.937500
vt 1.000000 0.625000
vt 1.000000 0.687500
vt 1.000000 0.750000
vt 1.000000 0.500000
vt 1.000000 0.562500
vt 1.000000 0.875000
vt 1.000000 0.937500
vt 1.000000 1.000000
vt 1.000000 0.812500
vt 0.687500 0.000000
vt 0.625000 0.000000
vt 0.750000 0.000000
vt 0.562500 0.000000
vt 0.500000 0.000000
vt 1.000000 0.125000
vt 1.000000 0.187500
vt 1.000000 0.250000
vt 0.937500 0.000000
vt 0.875000 0.000000
vt 1.000000 0.000000
vt 1.000000 0.062500
vt 0.812500 0.000000
vt 1.000000 0.375000
vt 1.000000 0.437500
vt 1.000000 0.312500
vt 0.187500 0.000000
vt 0.125000 0.000000
vt 0.250000 0.000000
vt 0.062500 0.000000
vt 0.000000 0.000000
vt 0.437500 0.000000
vt 0.375000 0.000000
vt 0.312500 0.000000
vt 0.604377 0.035618
vt 0.603831 0.035618
vt 0.603285 0.035618
vt 0.605469 0.035618
vt 0.604923 0.035618
vt 0.602193 0.035618
vt 0.601647 0.035618
vt 0.601101 0.035618
vt 0.602739 0.035618
vt 0.609836 0.032888
vt 0.609836 0.032342
vt 0.609836 0.033434
vt 0.609836 0.031796
vt 0.609836 0.031250
vt 0.608744 0.035618
vt 0.608198 0.035618
vt 0.607653 0.035618
vt 0.609836 0.035072
vt 0.609836 0.034526
vt 0.609836 0.035618
vt 0.609290 0.035618
vt 0.609836 0.033980
vt 0.606561 0.035618
vt 0.606015 0.035618
vt 0.607107 0.035618
vt 0.609836 0.028520
vt 0.609836 0.027974
vt 0.609836 0.029066
vt 0.609836 0.027428
vt 0.609836 0.026882
vt 0.609836 0.030704
vt 0.609836 0.030158
vt 0.609836 0.029612
vt 0.440314 0.894993
vt 0.439768 0.894993
vt 0.439222 0.894993
vt 0.441406 0.894993
vt 0.440860 0.894993
vt 0.438131 0.894993
vt 0.437585 0.894993
vt 0.437039 0.894993
vt 0.438677 0.894993
vt 0.445774 0.892263
vt 0.445774 0.891717
vt 0.445774 0.892809
vt 0.445774 0.891171
vt 0.445774 0.890625
vt 0.444682 0.894993
vt 0.444136 0.894993
vt 0.443590 0.894993
vt 0.445774 0.894447
vt 0.445774 0.893901
vt 0.445774 0.894993
vt 0.445228 0.894993
vt 0.445774 0.893355
vt 0.442498 0.894993
vt 0.441952 0.894993
vt 0.443044 0.894993
vt 0.445774 0.887895
vt 0.445774 0.887349
vt 0.445774 0.888441
vt 0.445774 0.886803
vt 0.445774 0.886257
vt 0.445774 0.890079
vt 0.445774 0.889533
vt 0.445774 0.888987
s 1
f 1538/1/602 389/2/221 4/3/4 642/4/342
f 1537/1/601 392/2/224 8/3/8 645/4/345
f 1536/1/600 395/2/227 6/3/6 648/4/348
f 1535/1/599 398/2/230 2/3/2 388/4/220
f 1534/5/598 646/6/346 5/7/5 397/8/229
f 1533/9/597 641/10/341 2/11/2 398/12/230
f 1532/13/231 411/14/231 20/15/20 410/16/20
f 1531/17/21 412/18/21 21/19/21 653/20/21
f 1530/21/352 629/22/11 11/23/11 654/24/352
f 1529/25/233 415/26/233 19/27/19 409/28/19
f 1528/29/22 416/30/22 22/31/22 657/32/22
f 1527/33/354 634/34/16 16/35/16 658/36/354
f 1526/37/235 419/38/235 10/39/10 400/40/10
f 1525/41/23 420/42/23 23/43/23 661/44/23
f 1524/45/356 410/46/20 20/47/20 662/48/356
f 1523/37/237 423/38/237 18/39/18 636/40/18
f 1522/41/24 424/42/24 24/43/24 665/44/24
f 1521/45/358 407/46/17 17/47/17 666/48/358
f 1520/37/239 427/38/239 15/39/15 633/40/15
f 1519/41/25 428/42/25 25/43/25 669/44/25
f 1518/45/360 404/46/14 14/47/14 670/48/360
f 1517/37/241 431/38/241 12/39/12 630/40/12
f 1516/41/26 432/42/26 26/43/26 673/44/26
f 1515/45/362 401/46/11 11/47/11 674/48/362
f 1514/49/26 483/50/74 74/51/74 626/52/26
f 1513/53/265 484/54/267 75/55/75 677/56/72
f 1512/57/596 449/58/245 41/59/41 678/60/364
f 1511/61/338 487/62/73 73/63/73 625/64/338
f 1510/65/595 488/66/269 76/67/76 681/68/366
f 1509/69/265 480/70/265 72/71/72 682/72/72
f 1508/73/594 491/74/271 30/75/30 582/76/318
f 1507/77/338 492/78/73 77/79/77 685/80/368
f 1506/81/26 479/82/26 71/83/71 686/84/71
f 1505/49/25 495/50/70 70/51/70 622/52/25
f 1504/53/263 496/54/273 78/55/78 689/56/68
f 1503/57/593 452/58/248 44/59/44 690/60/370
f 1502/61/336 499/62/69 69/63/69 621/64/336
f 1501/65/592 500/66/275 79/67/79 693/68/372
f 1500/69/263 476/70/263 68/71/68 694/72/68
f 1499/73/591 503/74/277 33/75/33 585/76/321
f 1498/77/336 504/78/69 80/79/80 697/80/374
f 1497/81/25 475/82/25 67/83/67 698/84/67
f 1496/49/24 507/50/66 66/51/66 618/52/24
f 1495/53/261 508/54/279 81/55/81 701/56/64
f 1494/57/590 455/58/251 47/59/47 702/60/376
f 1493/61/334 511/62/65 65/63/65 617/64/334
f 1492/65/589 512/66/281 82/67/82 705/68/378
f 1491/69/261 472/70/261 64/71/64 706/72/64
f 1490/73/588 515/74/283 36/75/36 588/76/324
f 1489/77/334 516/78/65 83/79/83 709/80/380
f 1488/81/24 471/82/24 63/83/63 710/84/63
f 1487/49/23 519/50/62 62/51/62 614/52/23
f 1486/53/259 520/54/285 84/55/84 713/56/60
f 1485/57/587 458/58/254 50/59/50 714/60/382
f 1484/61/332 523/62/61 61/63/61 613/64/332
f 1483/65/586 524/66/287 85/67/85 717/68/384
f 1482/69/259 468/70/259 60/71/60 718/72/60
f 1481/73/585 527/74/289 40/75/40 448/76/244
f 1480/77/332 528/78/61 86/79/86 721/80/386
f 1479/81/23 467/82/23 59/83/59 722/84/59
f 1478/85/22 531/86/58 58/87/58 610/88/22
f 1477/89/257 532/90/291 87/91/87 725/92/56
f 1476/93/584 586/94/322 34/95/34 726/96/388
f 1475/97/330 535/98/57 57/99/57 609/100/330
f 1474/101/583 536/102/293 88/103/88 729/104/390
f 1473/105/257 464/106/257 56/107/56 730/108/56
f 1472/109/582 539/110/295 49/111/49 457/112/253
f 1471/113/330 540/114/57 89/115/89 733/116/392
f 1470/117/22 463/118/22 55/119/55 734/120/55
f 1469/121/21 543/122/54 54/123/54 606/124/21
f 1468/125/255 544/126/297 90/127/90 737/128/52
f 1467/129/581 581/130/317 29/131/29 738/132/394
f 1466/133/328 547/134/53 53/135/53 605/136/328
f 1465/137/580 548/138/299 91/139/91 741/140/396
f 1464/141/255 460/142/255 52/143/52 742/144/52
f 1463/145/579 551/146/301 50/147/50 458/148/254
f 1462/149/328 552/150/53 92/151/92 745/152/398
f 1461/153/21 459/154/21 51/155/51 746/156/51
f 1460/157/231 555/158/303 38/159/38 446/160/20
f 1459/161/21 556/162/54 93/163/93 749/164/51
f 1458/165/352 593/166/11 41/167/41 750/168/400
f 1457/169/233 559/170/305 37/171/37 445/172/19
f 1456/173/22 560/174/58 94/175/94 753/176/55
f 1455/177/354 598/178/16 46/179/46 754/180/402
f 1454/181/235 563/182/307 28/183/28 436/184/10
f 1453/185/23 564/186/62 95/187/95 757/188/59
f 1452/189/356 446/190/20 38/191/38 758/192/404
f 1451/181/237 567/182/309 48/183/48 600/184/18
f 1450/185/24 568/186/66 96/187/96 761/188/63
f 1449/189/358 443/190/17 35/191/35 762/192/406
f 1448/181/239 571/182/311 45/183/45 597/184/15
f 1447/185/25 572/186/70 97/187/97 765/188/67
f 1446/189/360 440/190/14 32/191/32 766/192/408
f 1445/181/241 575/182/313 42/183/42 594/184/12
f 1444/185/26 576/186/74 98/187/98 769/188/71
f 1443/189/362 437/190/11 29/191/29 770/192/410
f 1442/193/266 771/194/146 290/195/194 578/196/314
f 1441/197/266 772/198/146 291/199/146 773/200/266
f 1440/201/362 629/202/11 149/203/11 774/204/362
f 1439/205/26 775/206/26 289/207/71 577/208/71
f 1438/209/26 776/210/26 292/211/26 777/212/26
f 1437/213/26 768/214/74 288/215/74 778/216/26
f 1436/217/241 779/218/241 114/219/12 402/220/12
f 1435/221/337 780/222/337 293/223/121 781/224/121
f 1434/225/337 767/226/409 287/227/193 782/228/121
f 1433/193/264 783/194/144 286/195/192 574/196/312
f 1432/197/264 784/198/144 294/199/144 785/200/264
f 1431/201/360 632/202/14 152/203/14 786/204/360
f 1430/205/25 787/206/25 285/207/67 573/208/67
f 1429/209/25 788/210/25 295/211/25 789/212/25
f 1428/213/25 764/214/70 284/215/70 790/216/25
f 1427/217/239 791/218/239 117/219/15 405/220/15
f 1426/221/335 792/222/335 296/223/119 793/224/119
f 1425/225/335 763/226/407 283/227/191 794/228/119
f 1424/193/262 795/194/142 282/195/190 570/196/310
f 1423/197/262 796/198/142 297/199/142 797/200/262
f 1422/201/358 635/202/17 155/203/17 798/204/358
f 1421/205/24 799/206/24 281/207/63 569/208/63
f 1420/209/24 800/210/24 298/211/24 801/212/24
f 1419/213/24 760/214/66 280/215/66 802/216/24
f 1418/217/237 803/218/237 120/219/18 408/220/18
f 1417/221/333 804/222/333 299/223/117 805/224/117
f 1416/225/333 759/226/405 279/227/189 806/228/117
f 1415/193/260 807/194/140 278/195/188 566/196/308
f 1414/197/260 808/198/140 300/199/140 809/200/260
f 1413/201/356 638/202/20 158/203/20 810/204/356
f 1412/205/23 811/206/23 277/207/59 565/208/59
f 1411/209/23 812/210/23 301/211/23 813/212/23
f 1410/213/23 756/214/62 276/215/62 814/216/23
f 1409/217/235 815/218/235 148/219/10 628/220/10
f 1408/221/331 816/222/331 302/223/115 817/224/115
f 1407/225/331 755/226/403 275/227/187 818/228/115
f 1406/229/258 819/230/138 274/231/186 562/232/306
f 1405/233/258 820/234/138 303/235/138 821/236/258
f 1404/237/354 406/238/16 118/239/16 822/240/354
f 1403/241/22 823/242/22 273/243/55 561/244/55
f 1402/245/22 824/246/22 304/247/22 825/248/22
f 1401/249/22 752/250/58 272/251/58 826/252/22
f 1400/253/233 827/254/233 157/255/19 637/256/19
f 1399/257/329 828/258/329 305/259/113 829/260/113
f 1398/261/329 751/262/401 271/263/185 830/264/113
f 1397/265/256 831/266/136 270/267/184 558/268/304
f 1396/269/256 832/270/136 306/271/136 833/272/256
f 1395/273/352 401/274/11 113/275/11 834/276/352
f 1394/277/21 835/278/21 269/279/51 557/280/51
f 1393/281/21 836/282/21 307/283/21 837/284/21
f 1392/285/21 748/286/54 268/287/54 838/288/21
f 1391/289/231 839/290/231 158/291/20 638/292/20
f 1390/293/327 840/294/327 308/295/111 841/296/111
f 1389/297/327 747/298/399 267/299/183 842/300/111
f 1388/301/21 843/302/21 266/303/51 554/304/51
f 1387/305/21 844/306/21 309/307/21 845/308/21
f 1386/309/21 651/310/21 171/311/21 846/312/21
f 1385/313/232 847/314/112 265/315/182 553/316/302
f 1384/317/232 848/318/112 310/319/112 849/320/232
f 1383/321/328 744/322/53 264/323/53 850/324/328
f 1382/325/578 851/326/411 170/327/134 650/328/350
f 1381/329/577 852/330/412 311/331/195 853/332/413
f 1380/333/576 743/334/397 263/335/181 854/336/414
f 1379/337/255 855/338/255 262/339/52 550/340/52
f 1378/341/351 856/342/351 312/343/135 857/344/135
f 1377/345/351 652/346/351 172/347/135 858/348/135
f 1376/349/575 859/350/415 261/351/180 549/352/300
f 1375/353/574 860/354/416 313/355/196 861/356/417
f 1374/357/573 740/358/395 260/359/179 862/360/418
f 1373/361/232 863/362/112 125/363/112 413/364/232
f 1372/365/232 864/366/112 314/367/112 865/368/232
f 1371/369/328 739/370/53 259/371/53 866/372/328
f 1370/373/572 867/374/419 258/375/178 546/376/298
f 1369/377/571 868/378/420 315/379/197 869/380/421
f 1368/381/570 389/382/221 101/383/101 870/384/422
f 1367/385/255 871/386/255 257/387/52 545/388/52
f 1366/389/351 872/390/351 316/391/135 873/392/135
f 1365/393/351 736/394/393 256/395/177 874/396/135
f 1364/397/21 875/398/21 126/399/21 414/400/21
f 1363/401/21 876/402/21 317/403/21 877/404/21
f 1362/405/21 735/406/54 255/407/54 878/408/21
f 1361/409/22 879/410/22 254/411/55 542/412/55
f 1360/413/22 880/414/22 318/415/22 881/416/22
f 1359/417/22 655/418/22 175/419/22 882/420/22
f 1358/421/234 883/422/114 253/423/176 541/424/296
f 1357/425/234 884/426/114 319/427/114 885/428/234
f 1356/429/330 732/430/57 252/431/57 886/432/330
f 1355/433/569 887/434/423 169/435/133 649/436/349
f 1354/437/568 888/438/424 320/439/198 889/440/425
f 1353/441/567 731/442/391 251/443/175 890/444/426
f 1352/445/257 891/446/257 250/447/56 538/448/56
f 1351/449/353 892/450/353 321/451/137 893/452/137
f 1350/453/353 656/454/353 176/455/137 894/456/137
f 1349/457/566 895/458/427 249/459/174 537/460/294
f 1348/461/565 896/462/428 322/463/199 897/464/429
f 1347/465/564 728/466/389 248/467/173 898/468/430
f 1346/469/234 899/470/114 129/471/114 417/472/234
f 1345/473/234 900/474/114 323/475/114 901/476/234
f 1344/477/330 727/478/57 247/479/57 902/480/330
f 1343/481/563 903/482/431 246/483/172 534/484/292
f 1342/485/562 904/486/432 324/487/200 905/488/433
f 1341/489/561 394/490/226 106/491/106 906/492/434
f 1340/493/257 907/494/257 245/495/56 533/496/56
f 1339/497/353 908/498/353 325/499/137 909/500/137
f 1338/501/353 724/502/387 244/503/171 910/504/137
f 1337/505/22 911/506/22 130/507/22 418/508/22
f 1336/509/22 912/510/22 326/511/22 913/512/22
f 1335/513/22 723/514/58 243/515/58 914/516/22
f 1334/517/23 915/518/23 242/519/59 530/520/59
f 1333/521/23 916/522/23 327/523/23 917/524/23
f 1332/525/23 659/526/23 179/527/23 918/528/23
f 1331/529/236 919/530/116 241/531/170 529/532/290
f 1330/533/236 920/534/116 328/535/116 921/536/236
f 1329/537/332 720/538/61 240/539/61 922/540/332
f 1328/541/560 923/542/435 160/543/124 640/544/340
f 1327/545/559 924/546/436 329/547/201 925/548/437
f 1326/549/558 719/550/385 239/551/169 926/552/438
f 1325/553/259 927/554/259 238/555/60 526/556/60
f 1324/557/355 928/558/355 330/559/139 929/560/139
f 1323/561/355 660/562/355 180/563/139 930/564/139
f 1322/565/557 931/566/439 237/567/168 525/568/288
f 1321/569/556 932/570/440 331/571/202 933/572/441
f 1320/573/555 716/574/383 236/575/167 934/576/442
f 1319/577/236 935/578/116 133/579/116 421/580/236
f 1318/581/236 936/582/116 332/583/116 937/584/236
f 1317/585/332 715/586/61 235/587/61 938/588/332
f 1316/589/554 939/590/443 234/591/166 522/592/286
f 1315/593/553 940/594/444 333/595/203 941/596/445
f 1314/597/552 650/598/350 170/599/134 942/600/446
f 1313/601/259 943/602/259 233/603/60 521/604/60
f 1312/605/355 944/606/355 334/607/139 945/608/139
f 1311/609/355 712/610/381 232/611/165 946/612/139
f 1310/613/23 947/614/23 134/615/23 422/616/23
f 1309/617/23 948/618/23 335/619/23 949/620/23
f 1308/621/23 711/622/62 231/623/62 950/624/23
f 1307/517/24 951/518/24 230/519/63 518/520/63
f 1306/521/24 952/522/24 336/523/24 953/524/24
f 1305/525/24 663/526/24 183/527/24 954/528/24
f 1304/529/238 955/530/118 229/531/164 517/532/284
f 1303/533/238 956/534/118 337/535/118 957/536/238
f 1302/537/334 708/538/65 228/539/65 958/540/334
f 1301/541/551 959/542/447 108/543/108 396/544/228
f 1300/545/550 960/546/448 338/547/204 961/548/449
f 1299/549/549 707/550/379 227/551/163 962/552/450
f 1298/553/261 963/554/261 226/555/64 514/556/64
f 1297/557/357 964/558/357 339/559/141 965/560/141
f 1296/561/357 664/562/357 184/563/141 966/564/141
f 1295/565/548 967/566/451 225/567/162 513/568/282
f 1294/569/547 968/570/452 340/571/205 969/572/453
f 1293/573/546 704/574/377 224/575/161 970/576/454
f 1292/577/238 971/578/118 137/579/118 425/580/238
f 1291/581/238 972/582/118 341/583/118 973/584/238
f 1290/585/334 703/586/65 223/587/65 974/588/334
f 1289/589/545 975/590/455 222/591/160 510/592/280
f 1288/593/544 976/594/456 342/595/206 977/596/457
f 1287/597/543 647/598/347 167/599/131 978/600/458
f 1286/601/261 979/602/261 221/603/64 509/604/64
f 1285/605/357 980/606/357 343/607/141 981/608/141
f 1284/609/357 700/610/375 220/611/159 982/612/141
f 1283/613/24 983/614/24 138/615/24 426/616/24
f 1282/617/24 984/618/24 344/619/24 985/620/24
f 1281/621/24 699/622/66 219/623/66 986/624/24
f 1280/517/25 987/518/25 218/519/67 506/520/67
f 1279/521/25 988/522/25 345/523/25 989/524/25
f 1278/525/25 667/526/25 187/527/25 990/528/25
f 1277/529/240 991/530/120 217/531/158 505/532/278
f 1276/533/240 992/534/120 346/535/120 993/536/240
f 1275/537/336 696/538/69 216/539/69 994/540/336
f 1274/541/542 995/542/459 105/543/105 393/544/225
f 1273/545/541 996/546/460 347/547/207 997/548/461
f 1272/549/540 695/550/373 215/551/157 998/552/462
f 1271/553/263 999/554/263 214/555/68 502/556/68
f 1270/557/359 1000/558/359 348/559/143 1001/560/143
f 1269/561/359 668/562/359 188/563/143 1002/564/143
f 1268/565/539 1003/566/463 213/567/156 501/568/276
f 1267/569/538 1004/570/464 349/571/208 1005/572/465
f 1266/573/537 692/574/371 212/575/155 1006/576/466
f 1265/577/240 1007/578/120 141/579/120 429/580/240
f 1264/581/240 1008/582/120 350/583/120 1009/584/240
f 1263/585/336 691/586/69 211/587/69 1010/588/336
f 1262/589/536 1011/590/467 210/591/154 498/592/274
f 1261/593/535 1012/594/468 351/595/209 1013/596/469
f 1260/597/534 644/598/344 164/599/128 1014/600/470
f 1259/601/263 1015/602/263 209/603/68 497/604/68
f 1258/605/359 1016/606/359 352/607/143 1017/608/143
f 1257/609/359 688/610/369 208/611/153 1018/612/143
f 1256/613/25 1019/614/25 142/615/25 430/616/25
f 1255/617/25 1020/618/25 353/619/25 1021/620/25
f 1254/621/25 687/622/70 207/623/70 1022/624/25
f 1253/517/26 1023/518/26 206/519/71 494/520/71
f 1252/521/26 1024/522/26 354/523/26 1025/524/26
f 1251/525/26 671/526/26 191/527/26 1026/528/26
f 1250/529/242 1027/530/122 205/531/152 493/532/272
f 1249/533/242 1028/534/122 355/535/122 1029/536/242
f 1248/537/338 684/538/73 204/539/73 1030/540/338
f 1247/541/533 1031/542/471 102/543/102 390/544/222
f 1246/545/532 1032/546/472 356/547/210 1033/548/473
f 1245/549/531 683/550/367 203/551/151 1034/552/474
f 1244/553/265 1035/554/265 202/555/72 490/556/72
f 1243/557/361 1036/558/361 357/559/145 1037/560/145
f 1242/561/361 672/562/361 192/563/145 1038/564/145
f 1241/565/530 1039/566/475 201/567/150 489/568/270
f 1240/569/529 1040/570/476 358/571/211 1041/572/477
f 1239/573/528 680/574/365 200/575/149 1042/576/478
f 1238/577/242 1043/578/122 145/579/122 433/580/242
f 1237/581/242 1044/582/122 359/583/122 1045/584/242
f 1236/585/338 679/586/73 199/587/73 1046/588/338
f 1235/589/527 1047/590/479 198/591/148 486/592/268
f 1234/593/526 1048/594/480 360/595/212 1049/596/481
f 1233/597/525 641/598/341 161/599/125 1050/600/482
f 1232/601/265 1051/602/265 197/603/72 485/604/72
f 1231/605/361 1052/606/361 361/607/145 1053/608/145
f 1230/609/361 676/610/363 196/611/147 1054/612/145
f 1229/613/26 1055/614/26 146/615/26 434/616/26
f 1228/617/26 1056/618/26 362/619/26 1057/620/26
f 1227/621/26 675/622/74 195/623/74 1058/624/26
f 1226/625/266 1059/626/146 194/627/146 482/628/266
f 1225/629/266 1060/630/146 363/631/146 1061/632/266
f 1224/633/362 593/634/11 113/635/11 1062/636/362
f 1223/637/26 1063/638/26 193/639/26 481/640/26
f 1222/641/26 1064/642/26 364/643/26 1065/644/26
f 1221/645/26 624/646/26 144/647/26 1066/648/26
f 1220/649/241 1067/650/241 150/651/12 438/652/12
f 1219/653/337 1068/654/337 365/655/121 1069/656/121
f 1218/657/337 623/658/337 143/659/121 1070/660/121
f 1217/625/264 1071/626/144 190/627/144 478/628/264
f 1216/629/264 1072/630/144 366/631/144 1073/632/264
f 1215/633/360 596/634/14 116/635/14 1074/636/360
f 1214/637/25 1075/638/25 189/639/25 477/640/25
f 1213/641/25 1076/642/25 367/643/25 1077/644/25
f 1212/645/25 620/646/25 140/647/25 1078/648/25
f 1211/649/239 1079/650/239 153/651/15 441/652/15
f 1210/653/335 1080/654/335 368/655/119 1081/656/119
f 1209/657/335 619/658/335 139/659/119 1082/660/119
f 1208/625/262 1083/626/142 186/627/142 474/628/262
f 1207/629/262 1084/630/142 369/631/142 1085/632/262
f 1206/633/358 599/634/17 119/635/17 1086/636/358
f 1205/637/24 1087/638/24 185/639/24 473/640/24
f 1204/641/24 1088/642/24 370/643/24 1089/644/24
f 1203/645/24 616/646/24 136/647/24 1090/648/24
f 1202/649/237 1091/650/237 156/651/18 444/652/18
f 1201/653/333 1092/654/333 371/655/117 1093/656/117
f 1200/657/333 615/658/333 135/659/117 1094/660/117
f 1199/625/260 1095/626/140 182/627/140 470/628/260
f 1198/629/260 1096/630/140 372/631/140 1097/632/260
f 1197/633/356 602/634/20 122/635/20 1098/636/356
f 1196/637/23 1099/638/23 181/639/23 469/640/23
f 1195/641/23 1100/642/23 373/643/23 1101/644/23
f 1194/645/23 612/646/23 132/647/23 1102/648/23
f 1193/649/235 1103/650/235 112/651/10 592/652/10
f 1192/653/331 1104/654/331 374/655/115 1105/656/115
f 1191/657/331 611/658/331 131/659/115 1106/660/115
f 1190/661/258 1107/662/138 178/663/138 466/664/258
f 1189/665/258 1108/666/138 375/667/138 1109/668/258
f 1188/669/354 442/670/16 154/671/16 1110/672/354
f 1187/673/22 1111/674/22 177/675/22 465/676/22
f 1186/677/22 1112/678/22 376/679/22 1113/680/22
f 1185/681/22 608/682/22 128/683/22 1114/684/22
f 1184/685/233 1115/686/233 121/687/19 601/688/19
f 1183/689/329 1116/690/329 377/691/113 1117/692/113
f 1182/693/329 607/694/329 127/695/113 1118/696/113
f 1181/697/256 1119/698/136 174/699/136 462/700/256
f 1180/701/256 1120/702/136 378/703/136 1121/704/256
f 1179/705/352 437/706/11 149/707/11 1122/708/352
f 1178/709/21 1123/710/21 173/711/21 461/712/21
f 1177/713/21 1124/714/21 379/715/21 1125/716/21
f 1176/717/21 604/718/21 124/719/21 1126/720/21
f 1175/721/231 1127/722/231 122/723/20 602/724/20
f 1174/725/327 1128/726/327 380/727/111 1129/728/111
f 1173/729/327 603/730/327 123/731/111 1130/732/111
f 1172/733/524 1131/734/483 110/735/110 590/736/326
f 1171/737/523 1132/738/484 381/739/213 1133/740/485
f 1170/741/522 449/742/245 161/743/125 1134/744/486
f 1169/745/521 1135/746/487 109/747/109 589/748/325
f 1168/749/520 1136/750/488 382/751/214 1137/752/489
f 1167/753/519 454/754/250 166/755/130 1138/756/490
f 1166/757/518 1139/758/491 100/759/100 580/760/316
f 1165/761/517 1140/762/492 383/763/215 1141/764/493
f 1164/765/516 590/766/326 110/767/110 1142/768/494
f 1163/757/515 1143/758/495 168/759/132 456/760/252
f 1162/761/514 1144/762/496 384/763/216 1145/764/497
f 1161/765/513 587/766/323 107/767/107 1146/768/498
f 1160/757/512 1147/758/499 165/759/129 453/760/249
f 1159/761/511 1148/762/500 385/763/217 1149/764/501
f 1158/765/510 584/766/320 104/767/104 1150/768/502
f 1157/757/509 1151/758/503 162/759/126 450/760/246
f 1156/761/508 1152/762/504 386/763/218 1153/764/505
f 1155/765/507 581/766/317 101/767/101 1154/768/506
f 1152/762/504 1155/765/507 1154/768/506 386/763/218
f 290/195/194 770/192/410 1155/765/507 1152/762/504
f 770/192/410 29/191/29 581/766/317 1155/765/507
f 767/226/409 1156/761/508 1153/764/505 287/227/193
f 98/187/98 578/196/314 1156/761/508 767/226/409
f 578/196/314 290/195/194 1152/762/504 1156/761/508
f 575/182/313 1157/757/509 450/760/246 42/183/42
f 287/227/193 1153/764/505 1157/757/509 575/182/313
f 1153/764/505 386/763/218 1151/758/503 1157/757/509
f 1148/762/500 1158/765/510 1150/768/502 385/763/217
f 286/195/192 766/192/408 1158/765/510 1148/762/500
f 766/192/408 32/191/32 584/766/320 1158/765/510
f 763/226/407 1159/761/511 1149/764/501 283/227/191
f 97/187/97 574/196/312 1159/761/511 763/226/407
f 574/196/312 286/195/192 1148/762/500 1159/761/511
f 571/182/311 1160/757/512 453/760/249 45/183/45
f 283/227/191 1149/764/501 1160/757/512 571/182/311
f 1149/764/501 385/763/217 1147/758/499 1160/757/512
f 1144/762/496 1161/765/513 1146/768/498 384/763/216
f 282/195/190 762/192/406 1161/765/513 1144/762/496
f 762/192/406 35/191/35 587/766/323 1161/765/513
f 759/226/405 1162/761/514 1145/764/497 279/227/189
f 96/187/96 570/196/310 1162/761/514 759/226/405
f 570/196/310 282/195/190 1144/762/496 1162/761/514
f 567/182/309 1163/757/515 456/760/252 48/183/48
f 279/227/189 1145/764/497 1163/757/515 567/182/309
f 1145/764/497 384/763/216 1143/758/495 1163/757/515
f 1140/762/492 1164/765/516 1142/768/494 383/763/215
f 278/195/188 758/192/404 1164/765/516 1140/762/492
f 758/192/404 38/191/38 590/766/326 1164/765/516
f 755/226/403 1165/761/517 1141/764/493 275/227/187
f 95/187/95 566/196/308 1165/761/517 755/226/403
f 566/196/308 278/195/188 1140/762/492 1165/761/517
f 563/182/307 1166/757/518 580/760/316 28/183/28
f 275/227/187 1141/764/493 1166/757/518 563/182/307
f 1141/764/493 383/763/215 1139/758/491 1166/757/518
f 1136/750/488 1167/753/519 1138/756/490 382/751/214
f 274/231/186 754/180/402 1167/753/519 1136/750/488
f 754/180/402 46/179/46 454/754/250 1167/753/519
f 751/262/401 1168/749/520 1137/752/489 271/263/185
f 94/175/94 562/232/306 1168/749/520 751/262/401
f 562/232/306 274/231/186 1136/750/488 1168/749/520
f 559/170/305 1169/745/521 589/748/325 37/171/37
f 271/263/185 1137/752/489 1169/745/521 559/170/305
f 1137/752/489 382/751/214 1135/746/487 1169/745/521
f 1132/738/484 1170/741/522 1134/744/486 381/739/213
f 270/267/184 750/168/400 1170/741/522 1132/738/484
f 750/168/400 41/167/41 449/742/245 1170/741/522
f 747/298/399 1171/737/523 1133/740/485 267/299/183
f 93/163/93 558/268/304 1171/737/523 747/298/399
f 558/268/304 270/267/184 1132/738/484 1171/737/523
f 555/158/303 1172/733/524 590/736/326 38/159/38
f 267/299/183 1133/740/485 1172/733/524 555/158/303
f 1133/740/485 381/739/213 1131/734/483 1172/733/524
f 1128/726/327 1173/729/327 1130/732/111 380/727/111
f 266/303/51 746/156/51 1173/729/327 1128/726/327
f 746/156/51 51/155/51 603/730/327 1173/729/327
f 743/334/397 1174/725/327 1129/728/111 263/335/181
f 92/151/92 554/304/51 1174/725/327 743/334/397
f 554/304/51 266/303/51 1128/726/327 1174/725/327
f 551/146/301 1175/721/231 602/724/20 50/147/50
f 263/335/181 1129/728/111 1175/721/231 551/146/301
f 1129/728/111 380/727/111 1127/722/231 1175/721/231
f 1124/714/21 1176/717/21 1126/720/21 379/715/21
f 262/339/52 742/144/52 1176/717/21 1124/714/21
f 742/144/52 52/143/52 604/718/21 1176/717/21
f 739/370/53 1177/713/21 1125/716/21 259/371/53
f 91/139/91 550/340/52 1177/713/21 739/370/53
f 550/340/52 262/339/52 1124/714/21 1177/713/21
f 547/134/53 1178/709/21 461/712/21 53/135/53
f 259/371/53 1125/716/21 1178/709/21 547/134/53
f 1125/716/21 379/715/21 1123/710/21 1178/709/21
f 1120/702/136 1179/705/352 1122/708/352 378/703/136
f 258/375/178 738/132/394 1179/705/352 1120/702/136
f 738/132/394 29/131/29 437/706/11 1179/705/352
f 735/406/54 1180/701/256 1121/704/256 255/407/54
f 90/127/90 546/376/298 1180/701/256 735/406/54
f 546/376/298 258/375/178 1120/702/136 1180/701/256
f 543/122/54 1181/697/256 462/700/256 54/123/54
f 255/407/54 1121/704/256 1181/697/256 543/122/54
f 1121/704/256 378/703/136 1119/698/136 1181/697/256
f 1116/690/329 1182/693/329 1118/696/113 377/691/113
f 254/411/55 734/120/55 1182/693/329 1116/690/329
f 734/120/55 55/119/55 607/694/329 1182/693/329
f 731/442/391 1183/689/329 1117/692/113 251/443/175
f 89/115/89 542/412/55 1183/689/329 731/442/391
f 542/412/55 254/411/55 1116/690/329 1183/689/329
f 539/110/295 1184/685/233 601/688/19 49/111/49
f 251/443/175 1117/692/113 1184/685/233 539/110/295
f 1117/692/113 377/691/113 1115/686/233 1184/685/233
f 1112/678/22 1185/681/22 1114/684/22 376/679/22
f 250/447/56 730/108/56 1185/681/22 1112/678/22
f 730/108/56 56/107/56 608/682/22 1185/681/22
f 727/478/57 1186/677/22 1113/680/22 247/479/57
f 88/103/88 538/448/56 1186/677/22 727/478/57
f 538/448/56 250/447/56 1112/678/22 1186/677/22
f 535/98/57 1187/673/22 465/676/22 57/99/57
f 247/479/57 1113/680/22 1187/673/22 535/98/57
f 1113/680/22 376/679/22 1111/674/22 1187/673/22
f 1108/666/138 1188/669/354 1110/672/354 375/667/138
f 246/483/172 726/96/388 1188/669/354 1108/666/138
f 726/96/388 34/95/34 442/670/16 1188/669/354
f 723/514/58 1189/665/258 1109/668/258 243/515/58
f 87/91/87 534/484/292 1189/665/258 723/514/58
f 534/484/292 246/483/172 1108/666/138 1189/665/258
f 531/86/58 1190/661/258 466/664/258 58/87/58
f 243/515/58 1109/668/258 1190/661/258 531/86/58
f 1109/668/258 375/667/138 1107/662/138 1190/661/258
f 1104/654/331 1191/657/331 1106/660/115 374/655/115
f 242/519/59 722/84/59 1191/657/331 1104/654/331
f 722/84/59 59/83/59 611/658/331 1191/657/331
f 719/550/385 1192/653/331 1105/656/115 239/551/169
f 86/79/86 530/520/59 1192/653/331 719/550/385
f 530/520/59 242/519/59 1104/654/331 1192/653/331
f 527/74/289 1193/649/235 592/652/10 40/75/40
f 239/551/169 1105/656/115 1193/649/235 527/74/289
f 1105/656/115 374/655/115 1103/650/235 1193/649/235
f 1100/642/23 1194/645/23 1102/648/23 373/643/23
f 238/555/60 718/72/60 1194/645/23 1100/642/23
f 718/72/60 60/71/60 612/646/23 1194/645/23
f 715/586/61 1195/641/23 1101/644/23 235/587/61
f 85/67/85 526/556/60 1195/641/23 715/586/61
f 526/556/60 238/555/60 1100/642/23 1195/641/23
f 523/62/61 1196/637/23 469/640/23 61/63/61
f 235/587/61 1101/644/23 1196/637/23 523/62/61
f 1101/644/23 373/643/23 1099/638/23 1196/637/23
f 1096/630/140 1197/633/356 1098/636/356 372/631/140
f 234/591/166 714/60/382 1197/633/356 1096/630/140
f 714/60/382 50/59/50 602/634/20 1197/633/356
f 711/622/62 1198/629/260 1097/632/260 231/623/62
f 84/55/84 522/592/286 1198/629/260 711/622/62
f 522/592/286 234/591/166 1096/630/140 1198/629/260
f 519/50/62 1199/625/260 470/628/260 62/51/62
f 231/623/62 1097/632/260 1199/625/260 519/50/62
f 1097/632/260 372/631/140 1095/626/140 1199/625/260
f 1092/654/333 1200/657/333 1094/660/117 371/655/117
f 230/519/63 710/84/63 1200/657/333 1092/654/333
f 710/84/63 63/83/63 615/658/333 1200/657/333
f 707/550/379 1201/653/333 1093/656/117 227/551/163
f 83/79/83 518/520/63 1201/653/333 707/550/379
f 518/520/63 230/519/63 1092/654/333 1201/653/333
f 515/74/283 1202/649/237 444/652/18 36/75/36
f 227/551/163 1093/656/117 1202/649/237 515/74/283
f 1093/656/117 371/655/117 1091/650/237 1202/649/237
f 1088/642/24 1203/645/24 1090/648/24 370/643/24
f 226/555/64 706/72/64 1203/645/24 1088/642/24
f 706/72/64 64/71/64 616/646/24 1203/645/24
f 703/586/65 1204/641/24 1089/644/24 223/587/65
f 82/67/82 514/556/64 1204/641/24 703/586/65
f 514/556/64 226/555/64 1088/642/24 1204/641/24
f 511/62/65 1205/637/24 473/640/24 65/63/65
f 223/587/65 1089/644/24 1205/637/24 511/62/65
f 1089/644/24 370/643/24 1087/638/24 1205/637/24
f 1084/630/142 1206/633/358 1086/636/358 369/631/142
f 222/591/160 702/60/376 1206/633/358 1084/630/142
f 702/60/376 47/59/47 599/634/17 1206/633/358
f 699/622/66 1207/629/262 1085/632/262 219/623/66
f 81/55/81 510/592/280 1207/629/262 699/622/66
f 510/592/280 222/591/160 1084/630/142 1207/629/262
f 507/50/66 1208/625/262 474/628/262 66/51/66
f 219/623/66 1085/632/262 1208/625/262 507/50/66
f 1085/632/262 369/631/142 1083/626/142 1208/625/262
f 1080/654/335 1209/657/335 1082/660/119 368/655/119
f 218/519/67 698/84/67 1209/657/335 1080/654/335
f 698/84/67 67/83/67 619/658/335 1209/657/335
f 695/550/373 1210/653/335 1081/656/119 215/551/157
f 80/79/80 506/520/67 1210/653/335 695/550/373
f 506/520/67 218/519/67 1080/654/335 1210/653/335
f 503/74/277 1211/649/239 441/652/15 33/75/33
f 215/551/157 1081/656/119 1211/649/239 503/74/277
f 1081/656/119 368/655/119 1079/650/239 1211/649/239
f 1076/642/25 1212/645/25 1078/648/25 367/643/25
f 214/555/68 694/72/68 1212/645/25 1076/642/25
f 694/72/68 68/71/68 620/646/25 1212/645/25
f 691/586/69 1213/641/25 1077/644/25 211/587/69
f 79/67/79 502/556/68 1213/641/25 691/586/69
f 502/556/68 214/555/68 1076/642/25 1213/641/25
f 499/62/69 1214/637/25 477/640/25 69/63/69
f 211/587/69 1077/644/25 1214/637/25 499/62/69
f 1077/644/25 367/643/25 1075/638/25 1214/637/25
f 1072/630/144 1215/633/360 1074/636/360 366/631/144
f 210/591/154 690/60/370 1215/633/360 1072/630/144
f 690/60/370 44/59/44 596/634/14 1215/633/360
f 687/622/70 1216/629/264 1073/632/264 207/623/70
f 78/55/78 498/592/274 1216/629/264 687/622/70
f 498/592/274 210/591/154 1072/630/144 1216/629/264
f 495/50/70 1217/625/264 478/628/264 70/51/70
f 207/623/70 1073/632/264 1217/625/264 495/50/70
f 1073/632/264 366/631/144 1071/626/144 1217/625/264
f 1068/654/337 1218/657/337 1070/660/121 365/655/121
f 206/519/71 686/84/71 1218/657/337 1068/654/337
f 686/84/71 71/83/71 623/658/337 1218/657/337
f 683/550/367 1219/653/337 1069/656/121 203/551/151
f 77/79/77 494/520/71 1219/653/337 683/550/367
f 494/520/71 206/519/71 1068/654/337 1219/653/337
f 491/74/271 1220/649/241 438/652/12 30/75/30
f 203/551/151 1069/656/121 1220/649/241 491/74/271
f 1069/656/121 365/655/121 1067/650/241 1220/649/241
f 1064/642/26 1221/645/26 1066/648/26 364/643/26
f 202/555/72 682/72/72 1221/645/26 1064/642/26
f 682/72/72 72/71/72 624/646/26 1221/645/26
f 679/586/73 1222/641/26 1065/644/26 199/587/73
f 76/67/76 490/556/72 1222/641/26 679/586/73
f 490/556/72 202/555/72 1064/642/26 1222/641/26
f 487/62/73 1223/637/26 481/640/26 73/63/73
f 199/587/73 1065/644/26 1223/637/26 487/62/73
f 1065/644/26 364/643/26 1063/638/26 1223/637/26
f 1060/630/146 1224/633/362 1062/636/362 363/631/146
f 198/591/148 678/60/364 1224/633/362 1060/630/146
f 678/60/364 41/59/41 593/634/11 1224/633/362
f 675/622/74 1225/629/266 1061/632/266 195/623/74
f 75/55/75 486/592/268 1225/629/266 675/622/74
f 486/592/268 198/591/148 1060/630/146 1225/629/266
f 483/50/74 1226/625/266 482/628/266 74/51/74
f 195/623/74 1061/632/266 1226/625/266 483/50/74
f 1061/632/266 363/631/146 1059/626/146 1226/625/266
f 1056/618/26 1227/621/26 1058/624/26 362/619/26
f 197/603/72 677/56/72 1227/621/26 1056/618/26
f 677/56/72 75/55/75 675/622/74 1227/621/26
f 624/646/26 1228/617/26 1057/620/26 144/647/26
f 72/71/72 485/604/72 1228/617/26 624/646/26
f 485/604/72 197/603/72 1056/618/26 1228/617/26
f 432/42/26 1229/613/26 434/616/26 26/43/26
f 144/647/26 1057/620/26 1229/613/26 432/42/26
f 1057/620/26 362/619/26 1055/614/26 1229/613/26
f 1052/606/361 1230/609/361 1054/612/145 361/607/145
f 148/769/10 436/770/10 1230/609/361 1052/606/361
f 436/770/10 28/771/28 676/610/363 1230/609/361
f 672/562/361 1231/605/361 1053/608/145 192/563/145
f 10/772/10 628/773/10 1231/605/361 672/562/361
f 628/773/10 148/769/10 1052/606/361 1231/605/361
f 480/70/265 1232/601/265 485/604/72 72/71/72
f 192/563/145 1053/608/145 1232/601/265 480/70/265
f 1053/608/145 361/607/145 1051/602/265 1232/601/265
f 1048/594/480 1233/597/525 1050/600/482 360/595/212
f 100/774/100 388/775/220 1233/597/525 1048/594/480
f 388/775/220 2/776/2 641/598/341 1233/597/525
f 676/610/363 1234/593/526 1049/596/481 196/611/147
f 28/771/28 580/777/316 1234/593/526 676/610/363
f 580/777/316 100/774/100 1048/594/480 1234/593/526
f 484/54/267 1235/589/527 486/592/268 75/55/75
f 196/611/147 1049/596/481 1235/589/527 484/54/267
f 1049/596/481 360/595/212 1047/590/479 1235/589/527
f 1044/582/122 1236/585/338 1046/588/338 359/583/122
f 201/567/150 681/68/366 1236/585/338 1044/582/122
f 681/68/366 76/67/76 679/586/73 1236/585/338
f 435/778/9 1237/581/242 1045/584/242 147/779/9
f 27/780/27 489/568/270 1237/581/242 435/778/9
f 489/568/270 201/567/150 1044/582/122 1237/581/242
f 627/781/9 1238/577/242 433/580/242 9/782/9
f 147/779/9 1045/584/242 1238/577/242 627/781/9
f 1045/584/242 359/583/122 1043/578/122 1238/577/242
f 1040/570/476 1239/573/528 1042/576/478 358/571/211
f 160/783/124 448/784/244 1239/573/528 1040/570/476
f 448/784/244 40/785/40 680/574/365 1239/573/528
f 387/786/219 1240/569/529 1041/572/477 99/787/99
f 1/788/1 640/789/340 1240/569/529 387/786/219
f 640/789/340 160/783/124 1040/570/476 1240/569/529
f 579/790/315 1241/565/530 489/568/270 27/780/27
f 99/787/99 1041/572/477 1241/565/530 579/790/315
f 1041/572/477 358/571/211 1039/566/475 1241/565/530
f 1036/558/361 1242/561/361 1038/564/145 357/559/145
f 112/791/10 400/792/10 1242/561/361 1036/558/361
f 400/792/10 10/772/10 672/562/361 1242/561/361
f 680/574/365 1243/557/361 1037/560/145 200/575/149
f 40/785/40 592/793/10 1243/557/361 680/574/365
f 592/793/10 112/791/10 1036/558/361 1243/557/361
f 488/66/269 1244/553/265 490/556/72 76/67/76
f 200/575/149 1037/560/145 1244/553/265 488/66/269
f 1037/560/145 357/559/145 1035/554/265 1244/553/265
f 1032/546/472 1245/549/531 1034/552/474 356/547/210
f 205/531/152 685/80/368 1245/549/531 1032/546/472
f 685/80/368 77/79/77 683/550/367 1245/549/531
f 447/794/243 1246/545/532 1033/548/473 159/795/123
f 39/796/39 493/532/272 1246/545/532 447/794/243
f 493/532/272 205/531/152 1032/546/472 1246/545/532
f 639/797/339 1247/541/533 390/544/222 3/798/3
f 159/795/123 1033/548/473 1247/541/533 639/797/339
f 1033/548/473 356/547/210 1031/542/471 1247/541/533
f 1028/534/122 1248/537/338 1030/540/338 355/535/122
f 145/579/122 625/64/338 1248/537/338 1028/534/122
f 625/64/338 73/63/73 684/538/73 1248/537/338
f 399/799/9 1249/533/242 1029/536/242 111/800/9
f 9/782/9 433/580/242 1249/533/242 399/799/9
f 433/580/242 145/579/122 1028/534/122 1249/533/242
f 591/801/9 1250/529/242 493/532/272 39/796/39
f 111/800/9 1029/536/242 1250/529/242 591/801/9
f 1029/536/242 355/535/122 1027/530/122 1250/529/242
f 1024/522/26 1251/525/26 1026/528/26 354/523/26
f 193/639/26 673/44/26 1251/525/26 1024/522/26
f 673/44/26 26/43/26 671/526/26 1251/525/26
f 684/538/73 1252/521/26 1025/524/26 204/539/73
f 73/63/73 481/640/26 1252/521/26 684/538/73
f 481/640/26 193/639/26 1024/522/26 1252/521/26
f 492/78/73 1253/517/26 494/520/71 77/79/77
f 204/539/73 1025/524/26 1253/517/26 492/78/73
f 1025/524/26 354/523/26 1023/518/26 1253/517/26
f 1020/618/25 1254/621/25 1022/624/25 353/619/25
f 209/603/68 689/56/68 1254/621/25 1020/618/25
f 689/56/68 78/55/78 687/622/70 1254/621/25
f 620/646/25 1255/617/25 1021/620/25 140/647/25
f 68/71/68 497/604/68 1255/617/25 620/646/25
f 497/604/68 209/603/68 1020/618/25 1255/617/25
f 428/42/25 1256/613/25 430/616/25 25/43/25
f 140/647/25 1021/620/25 1256/613/25 428/42/25
f 1021/620/25 353/619/25 1019/614/25 1256/613/25
f 1016/606/359 1257/609/359 1018/612/143 352/607/143
f 114/769/12 594/770/12 1257/609/359 1016/606/359
f 594/770/12 42/771/42 688/610/369 1257/609/359
f 668/562/359 1258/605/359 1017/608/143 188/563/143
f 12/772/12 402/773/12 1258/605/359 668/562/359
f 402/773/12 114/769/12 1016/606/359 1258/605/359
f 476/70/263 1259/601/263 497/604/68 68/71/68
f 188/563/143 1017/608/143 1259/601/263 476/70/263
f 1017/608/143 352/607/143 1015/602/263 1259/601/263
f 1012/594/468 1260/597/534 1014/600/470 351/595/209
f 162/774/126 642/775/342 1260/597/534 1012/594/468
f 642/775/342 4/776/4 644/598/344 1260/597/534
f 688/610/369 1261/593/535 1013/596/469 208/611/153
f 42/771/42 450/777/246 1261/593/535 688/610/369
f 450/777/246 162/774/126 1012/594/468 1261/593/535
f 496/54/273 1262/589/536 498/592/274 78/55/78
f 208/611/153 1013/596/469 1262/589/536 496/54/273
f 1013/596/469 351/595/209 1011/590/467 1262/589/536
f 1008/582/120 1263/585/336 1010/588/336 350/583/120
f 213/567/156 693/68/372 1263/585/336 1008/582/120
f 693/68/372 79/67/79 691/586/69 1263/585/336
f 439/778/13 1264/581/240 1009/584/240 151/779/13
f 31/780/31 501/568/276 1264/581/240 439/778/13
f 501/568/276 213/567/156 1008/582/120 1264/581/240
f 631/781/13 1265/577/240 429/580/240 13/782/13
f 151/779/13 1009/584/240 1265/577/240 631/781/13
f 1009/584/240 350/583/120 1007/578/120 1265/577/240
f 1004/570/464 1266/573/537 1006/576/466 349/571/208
f 102/783/102 582/784/318 1266/573/537 1004/570/464
f 582/784/318 30/785/30 692/574/371 1266/573/537
f 391/786/223 1267/569/538 1005/572/465 103/787/103
f 3/788/3 390/789/222 1267/569/538 391/786/223
f 390/789/222 102/783/102 1004/570/464 1267/569/538
f 583/790/319 1268/565/539 501/568/276 31/780/31
f 103/787/103 1005/572/465 1268/565/539 583/790/319
f 1005/572/465 349/571/208 1003/566/463 1268/565/539
f 1000/558/359 1269/561/359 1002/564/143 348/559/143
f 150/791/12 630/792/12 1269/561/359 1000/558/359
f 630/792/12 12/772/12 668/562/359 1269/561/359
f 692/574/371 1270/557/359 1001/560/143 212/575/155
f 30/785/30 438/793/12 1270/557/359 692/574/371
f 438/793/12 150/791/12 1000/558/359 1270/557/359
f 500/66/275 1271/553/263 502/556/68 79/67/79
f 212/575/155 1001/560/143 1271/553/263 500/66/275
f 1001/560/143 348/559/143 999/554/263 1271/553/263
f 996/546/460 1272/549/540 998/552/462 347/547/207
f 217/531/158 697/80/374 1272/549/540 996/546/460
f 697/80/374 80/79/80 695/550/373 1272/549/540
f 451/794/247 1273/545/541 997/548/461 163/795/127
f 43/796/43 505/532/278 1273/545/541 451/794/247
f 505/532/278 217/531/158 996/546/460 1273/545/541
f 643/797/343 1274/541/542 393/544/225 7/798/7
f 163/795/127 997/548/461 1274/541/542 643/797/343
f 997/548/461 347/547/207 995/542/459 1274/541/542
f 992/534/120 1275/537/336 994/540/336 346/535/120
f 141/579/120 621/64/336 1275/537/336 992/534/120
f 621/64/336 69/63/69 696/538/69 1275/537/336
f 403/799/13 1276/533/240 993/536/240 115/800/13
f 13/782/13 429/580/240 1276/533/240 403/799/13
f 429/580/240 141/579/120 992/534/120 1276/533/240
f 595/801/13 1277/529/240 505/532/278 43/796/43
f 115/800/13 993/536/240 1277/529/240 595/801/13
f 993/536/240 346/535/120 991/530/120 1277/529/240
f 988/522/25 1278/525/25 990/528/25 345/523/25
f 189/639/25 669/44/25 1278/525/25 988/522/25
f 669/44/25 25/43/25 667/526/25 1278/525/25
f 696/538/69 1279/521/25 989/524/25 216/539/69
f 69/63/69 477/640/25 1279/521/25 696/538/69
f 477/640/25 189/639/25 988/522/25 1279/521/25
f 504/78/69 1280/517/25 506/520/67 80/79/80
f 216/539/69 989/524/25 1280/517/25 504/78/69
f 989/524/25 345/523/25 987/518/25 1280/517/25
f 984/618/24 1281/621/24 986/624/24 344/619/24
f 221/603/64 701/56/64 1281/621/24 984/618/24
f 701/56/64 81/55/81 699/622/66 1281/621/24
f 616/646/24 1282/617/24 985/620/24 136/647/24
f 64/71/64 509/604/64 1282/617/24 616/646/24
f 509/604/64 221/603/64 984/618/24 1282/617/24
f 424/42/24 1283/613/24 426/616/24 24/43/24
f 136/647/24 985/620/24 1283/613/24 424/42/24
f 985/620/24 344/619/24 983/614/24 1283/613/24
f 980/606/357 1284/609/357 982/612/141 343/607/141
f 117/769/15 597/770/15 1284/609/357 980/606/357
f 597/770/15 45/771/45 700/610/375 1284/609/357
f 664/562/357 1285/605/357 981/608/141 184/563/141
f 15/772/15 405/773/15 1285/605/357 664/562/357
f 405/773/15 117/769/15 980/606/357 1285/605/357
f 472/70/261 1286/601/261 509/604/64 64/71/64
f 184/563/141 981/608/141 1286/601/261 472/70/261
f 981/608/141 343/607/141 979/602/261 1286/601/261
f 976/594/456 1287/597/543 978/600/458 342/595/206
f 165/774/129 645/775/345 1287/597/543 976/594/456
f 645/775/345 8/776/8 647/598/347 1287/597/543
f 700/610/375 1288/593/544 977/596/457 220/611/159
f 45/771/45 453/777/249 1288/593/544 700/610/375
f 453/777/249 165/774/129 976/594/456 1288/593/544
f 508/54/279 1289/589/545 510/592/280 81/55/81
f 220/611/159 977/596/457 1289/589/545 508/54/279
f 977/596/457 342/595/206 975/590/455 1289/589/545
f 972/582/118 1290/585/334 974/588/334 341/583/118
f 225/567/162 705/68/378 1290/585/334 972/582/118
f 705/68/378 82/67/82 703/586/65 1290/585/334
f 442/778/16 1291/581/238 973/584/238 154/779/16
f 34/780/34 513/568/282 1291/581/238 442/778/16
f 513/568/282 225/567/162 972/582/118 1291/581/238
f 634/781/16 1292/577/238 425/580/238 16/782/16
f 154/779/16 973/584/238 1292/577/238 634/781/16
f 973/584/238 341/583/118 971/578/118 1292/577/238
f 968/570/452 1293/573/546 970/576/454 340/571/205
f 105/783/105 585/784/321 1293/573/546 968/570/452
f 585/784/321 33/785/33 704/574/377 1293/573/546
f 394/786/226 1294/569/547 969/572/453 106/787/106
f 7/788/7 393/789/225 1294/569/547 394/786/226
f 393/789/225 105/783/105 968/570/452 1294/569/547
f 586/790/322 1295/565/548 513/568/282 34/780/34
f 106/787/106 969/572/453 1295/565/548 586/790/322
f 969/572/453 340/571/205 967/566/451 1295/565/548
f 964/558/357 1296/561/357 966/564/141 339/559/141
f 153/791/15 633/792/15 1296/561/357 964/558/357
f 633/792/15 15/772/15 664/562/357 1296/561/357
f 704/574/377 1297/557/357 965/560/141 224/575/161
f 33/785/33 441/793/15 1297/557/357 704/574/377
f 441/793/15 153/791/15 964/558/357 1297/557/357
f 512/66/281 1298/553/261 514/556/64 82/67/82
f 224/575/161 965/560/141 1298/553/261 512/66/281
f 965/560/141 339/559/141 963/554/261 1298/553/261
f 960/546/448 1299/549/549 962/552/450 338/547/204
f 229/531/164 709/80/380 1299/549/549 960/546/448
f 709/80/380 83/79/83 707/550/379 1299/549/549
f 454/794/250 1300/545/550 961/548/449 166/795/130
f 46/796/46 517/532/284 1300/545/550 454/794/250
f 517/532/284 229/531/164 960/546/448 1300/545/550
f 646/797/346 1301/541/551 396/544/228 5/798/5
f 166/795/130 961/548/449 1301/541/551 646/797/346
f 961/548/449 338/547/204 959/542/447 1301/541/551
f 956/534/118 1302/537/334 958/540/334 337/535/118
f 137/579/118 617/64/334 1302/537/334 956/534/118
f 617/64/334 65/63/65 708/538/65 1302/537/334
f 406/799/16 1303/533/238 957/536/238 118/800/16
f 16/782/16 425/580/238 1303/533/238 406/799/16
f 425/580/238 137/579/118 956/534/118 1303/533/238
f 598/801/16 1304/529/238 517/532/284 46/796/46
f 118/800/16 957/536/238 1304/529/238 598/801/16
f 957/536/238 337/535/118 955/530/118 1304/529/238
f 952/522/24 1305/525/24 954/528/24 336/523/24
f 185/639/24 665/44/24 1305/525/24 952/522/24
f 665/44/24 24/43/24 663/526/24 1305/525/24
f 708/538/65 1306/521/24 953/524/24 228/539/65
f 65/63/65 473/640/24 1306/521/24 708/538/65
f 473/640/24 185/639/24 952/522/24 1306/521/24
f 516/78/65 1307/517/24 518/520/63 83/79/83
f 228/539/65 953/524/24 1307/517/24 516/78/65
f 953/524/24 336/523/24 951/518/24 1307/517/24
f 948/618/23 1308/621/23 950/624/23 335/619/23
f 233/603/60 713/56/60 1308/621/23 948/618/23
f 713/56/60 84/55/84 711/622/62 1308/621/23
f 612/646/23 1309/617/23 949/620/23 132/647/23
f 60/71/60 521/604/60 1309/617/23 612/646/23
f 521/604/60 233/603/60 948/618/23 1309/617/23
f 420/42/23 1310/613/23 422/616/23 23/43/23
f 132/647/23 949/620/23 1310/613/23 420/42/23
f 949/620/23 335/619/23 947/614/23 1310/613/23
f 944/606/355 1311/609/355 946/612/139 334/607/139
f 120/769/18 600/770/18 1311/609/355 944/606/355
f 600/770/18 48/771/48 712/610/381 1311/609/355
f 660/562/355 1312/605/355 945/608/139 180/563/139
f 18/772/18 408/773/18 1312/605/355 660/562/355
f 408/773/18 120/769/18 944/606/355 1312/605/355
f 468/70/259 1313/601/259 521/604/60 60/71/60
f 180/563/139 945/608/139 1313/601/259 468/70/259
f 945/608/139 334/607/139 943/602/259 1313/601/259
f 940/594/444 1314/597/552 942/600/446 333/595/203
f 168/774/132 648/775/348 1314/597/552 940/594/444
f 648/775/348 6/776/6 650/598/350 1314/597/552
f 712/610/381 1315/593/553 941/596/445 232/611/165
f 48/771/48 456/777/252 1315/593/553 712/610/381
f 456/777/252 168/774/132 940/594/444 1315/593/553
f 520/54/285 1316/589/554 522/592/286 84/55/84
f 232/611/165 941/596/445 1316/589/554 520/54/285
f 941/596/445 333/595/203 939/590/443 1316/589/554
f 936/582/116 1317/585/332 938/588/332 332/583/116
f 237/567/168 717/68/384 1317/585/332 936/582/116
f 717/68/384 85/67/85 715/586/61 1317/585/332
f 445/778/19 1318/581/236 937/584/236 157/779/19
f 37/780/37 525/568/288 1318/581/236 445/778/19
f 525/568/288 237/567/168 936/582/116 1318/581/236
f 637/781/19 1319/577/236 421/580/236 19/782/19
f 157/779/19 937/584/236 1319/577/236 637/781/19
f 937/584/236 332/583/116 935/578/116 1319/577/236
f 932/570/440 1320/573/555 934/576/442 331/571/202
f 108/783/108 588/784/324 1320/573/555 932/570/440
f 588/784/324 36/785/36 716/574/383 1320/573/555
f 397/786/229 1321/569/556 933/572/441 109/787/109
f 5/788/5 396/789/228 1321/569/556 397/786/229
f 396/789/228 108/783/108 932/570/440 1321/569/556
f 589/790/325 1322/565/557 525/568/288 37/780/37
f 109/787/109 933/572/441 1322/565/557 589/790/325
f 933/572/441 331/571/202 931/566/439 1322/565/557
f 928/558/355 1323/561/355 930/564/139 330/559/139
f 156/791/18 636/792/18 1323/561/355 928/558/355
f 636/792/18 18/772/18 660/562/355 1323/561/355
f 716/574/383 1324/557/355 929/560/139 236/575/167
f 36/785/36 444/793/18 1324/557/355 716/574/383
f 444/793/18 156/791/18 928/558/355 1324/557/355
f 524/66/287 1325/553/259 526/556/60 85/67/85
f 236/575/167 929/560/139 1325/553/259 524/66/287
f 929/560/139 330/559/139 927/554/259 1325/553/259
f 924/546/436 1326/549/558 926/552/438 329/547/201
f 241/531/170 721/80/386 1326/549/558 924/546/436
f 721/80/386 86/79/86 719/550/385 1326/549/558
f 457/794/253 1327/545/559 925/548/437 169/795/133
f 49/796/49 529/532/290 1327/545/559 457/794/253
f 529/532/290 241/531/170 924/546/436 1327/545/559
f 649/797/349 1328/541/560 640/544/340 1/798/1
f 169/795/133 925/548/437 1328/541/560 649/797/349
f 925/548/437 329/547/201 923/542/435 1328/541/560
f 920/534/116 1329/537/332 922/540/332 328/535/116
f 133/579/116 613/64/332 1329/537/332 920/534/116
f 613/64/332 61/63/61 720/538/61 1329/537/332
f 409/799/19 1330/533/236 921/536/236 121/800/19
f 19/782/19 421/580/236 1330/533/236 409/799/19
f 421/580/236 133/579/116 920/534/116 1330/533/236
f 601/801/19 1331/529/236 529/532/290 49/796/49
f 121/800/19 921/536/236 1331/529/236 601/801/19
f 921/536/236 328/535/116 919/530/116 1331/529/236
f 916/522/23 1332/525/23 918/528/23 327/523/23
f 181/639/23 661/44/23 1332/525/23 916/522/23
f 661/44/23 23/43/23 659/526/23 1332/525/23
f 720/538/61 1333/521/23 917/524/23 240/539/61
f 61/63/61 469/640/23 1333/521/23 720/538/61
f 469/640/23 181/639/23 916/522/23 1333/521/23
f 528/78/61 1334/517/23 530/520/59 86/79/86
f 240/539/61 917/524/23 1334/517/23 528/78/61
f 917/524/23 327/523/23 915/518/23 1334/517/23
f 912/510/22 1335/513/22 914/516/22 326/511/22
f 245/495/56 725/92/56 1335/513/22 912/510/22
f 725/92/56 87/91/87 723/514/58 1335/513/22
f 608/682/22 1336/509/22 913/512/22 128/683/22
f 56/107/56 533/496/56 1336/509/22 608/682/22
f 533/496/56 245/495/56 912/510/22 1336/509/22
f 416/30/22 1337/505/22 418/508/22 22/31/22
f 128/683/22 913/512/22 1337/505/22 416/30/22
f 913/512/22 326/511/22 911/506/22 1337/505/22
f 908/498/353 1338/501/353 910/504/137 325/499/137
f 115/802/13 595/803/13 1338/501/353 908/498/353
f 595/803/13 43/804/43 724/502/387 1338/501/353
f 656/454/353 1339/497/353 909/500/137 176/455/137
f 13/805/13 403/806/13 1339/497/353 656/454/353
f 403/806/13 115/802/13 908/498/353 1339/497/353
f 464/106/257 1340/493/257 533/496/56 56/107/56
f 176/455/137 909/500/137 1340/493/257 464/106/257
f 909/500/137 325/499/137 907/494/257 1340/493/257
f 904/486/432 1341/489/561 906/492/434 324/487/200
f 163/807/127 643/808/343 1341/489/561 904/486/432
f 643/808/343 7/809/7 394/490/226 1341/489/561
f 724/502/387 1342/485/562 905/488/433 244/503/171
f 43/804/43 451/810/247 1342/485/562 724/502/387
f 451/810/247 163/807/127 904/486/432 1342/485/562
f 532/90/291 1343/481/563 534/484/292 87/91/87
f 244/503/171 905/488/433 1343/481/563 532/90/291
f 905/488/433 324/487/200 903/482/431 1343/481/563
f 900/474/114 1344/477/330 902/480/330 323/475/114
f 249/459/174 729/104/390 1344/477/330 900/474/114
f 729/104/390 88/103/88 727/478/57 1344/477/330
f 591/811/9 1345/473/234 901/476/234 111/812/9
f 39/813/39 537/460/294 1345/473/234 591/811/9
f 537/460/294 249/459/174 900/474/114 1345/473/234
f 399/814/9 1346/469/234 417/472/234 9/815/9
f 111/812/9 901/476/234 1346/469/234 399/814/9
f 901/476/234 323/475/114 899/470/114 1346/469/234
f 896/462/428 1347/465/564 898/468/430 322/463/199
f 103/816/103 583/817/319 1347/465/564 896/462/428
f 583/817/319 31/818/31 728/466/389 1347/465/564
f 639/819/339 1348/461/565 897/464/429 159/820/123
f 3/821/3 391/822/223 1348/461/565 639/819/339
f 391/822/223 103/816/103 896/462/428 1348/461/565
f 447/823/243 1349/457/566 537/460/294 39/813/39
f 159/820/123 897/464/429 1349/457/566 447/823/243
f 897/464/429 322/463/199 895/458/427 1349/457/566
f 892/450/353 1350/453/353 894/456/137 321/451/137
f 151/824/13 631/825/13 1350/453/353 892/450/353
f 631/825/13 13/805/13 656/454/353 1350/453/353
f 728/466/389 1351/449/353 893/452/137 248/467/173
f 31/818/31 439/826/13 1351/449/353 728/466/389
f 439/826/13 151/824/13 892/450/353 1351/449/353
f 536/102/293 1352/445/257 538/448/56 88/103/88
f 248/467/173 893/452/137 1352/445/257 536/102/293
f 893/452/137 321/451/137 891/446/257 1352/445/257
f 888/438/424 1353/441/567 890/444/426 320/439/198
f 253/423/176 733/116/392 1353/441/567 888/438/424
f 733/116/392 89/115/89 731/442/391 1353/441/567
f 579/827/315 1354/437/568 889/440/425 99/828/99
f 27/829/27 541/424/296 1354/437/568 579/827/315
f 541/424/296 253/423/176 888/438/424 1354/437/568
f 387/830/219 1355/433/569 649/436/349 1/831/1
f 99/828/99 889/440/425 1355/433/569 387/830/219
f 889/440/425 320/439/198 887/434/423 1355/433/569
f 884/426/114 1356/429/330 886/432/330 319/427/114
f 129/471/114 609/100/330 1356/429/330 884/426/114
f 609/100/330 57/99/57 732/430/57 1356/429/330
f 627/832/9 1357/425/234 885/428/234 147/833/9
f 9/815/9 417/472/234 1357/425/234 627/832/9
f 417/472/234 129/471/114 884/426/114 1357/425/234
f 435/834/9 1358/421/234 541/424/296 27/829/27
f 147/833/9 885/428/234 1358/421/234 435/834/9
f 885/428/234 319/427/114 883/422/114 1358/421/234
f 880/414/22 1359/417/22 882/420/22 318/415/22
f 177/675/22 657/32/22 1359/417/22 880/414/22
f 657/32/22 22/31/22 655/418/22 1359/417/22
f 732/430/57 1360/413/22 881/416/22 252/431/57
f 57/99/57 465/676/22 1360/413/22 732/430/57
f 465/676/22 177/675/22 880/414/22 1360/413/22
f 540/114/57 1361/409/22 542/412/55 89/115/89
f 252/431/57 881/416/22 1361/409/22 540/114/57
f 881/416/22 318/415/22 879/410/22 1361/409/22
f 876/402/21 1362/405/21 878/408/21 317/403/21
f 257/387/52 737/128/52 1362/405/21 876/402/21
f 737/128/52 90/127/90 735/406/54 1362/405/21
f 604/718/21 1363/401/21 877/404/21 124/719/21
f 52/143/52 545/388/52 1363/401/21 604/718/21
f 545/388/52 257/387/52 876/402/21 1363/401/21
f 412/18/21 1364/397/21 414/400/21 21/19/21
f 124/719/21 877/404/21 1364/397/21 412/18/21
f 877/404/21 317/403/21 875/398/21 1364/397/21
f 872/390/351 1365/393/351 874/396/135 316/391/135
f 116/835/14 596/836/14 1365/393/351 872/390/351
f 596/836/14 44/837/44 736/394/393 1365/393/351
f 652/346/351 1366/389/351 873/392/135 172/347/135
f 14/838/14 404/839/14 1366/389/351 652/346/351
f 404/839/14 116/835/14 872/390/351 1366/389/351
f 460/142/255 1367/385/255 545/388/52 52/143/52
f 172/347/135 873/392/135 1367/385/255 460/142/255
f 873/392/135 316/391/135 871/386/255 1367/385/255
f 868/378/420 1368/381/570 870/384/422 315/379/197
f 164/840/128 644/841/344 1368/381/570 868/378/420
f 644/841/344 4/842/4 389/382/221 1368/381/570
f 736/394/393 1369/377/571 869/380/421 256/395/177
f 44/837/44 452/843/248 1369/377/571 736/394/393
f 452/843/248 164/840/128 868/378/420 1369/377/571
f 544/126/297 1370/373/572 546/376/298 90/127/90
f 256/395/177 869/380/421 1370/373/572 544/126/297
f 869/380/421 315/379/197 867/374/419 1370/373/572
f 864/366/112 1371/369/328 866/372/328 314/367/112
f 261/351/180 741/140/396 1371/369/328 864/366/112
f 741/140/396 91/139/91 739/370/53 1371/369/328
f 599/844/17 1372/365/232 865/368/232 119/845/17
f 47/846/47 549/352/300 1372/365/232 599/844/17
f 549/352/300 261/351/180 864/366/112 1372/365/232
f 407/847/17 1373/361/232 413/364/232 17/848/17
f 119/845/17 865/368/232 1373/361/232 407/847/17
f 865/368/232 314/367/112 863/362/112 1373/361/232
f 860/354/416 1374/357/573 862/360/418 313/355/196
f 104/849/104 584/850/320 1374/357/573 860/354/416
f 584/850/320 32/851/32 740/358/395 1374/357/573
f 647/852/347 1375/353/574 861/356/417 167/853/131
f 8/854/8 392/855/224 1375/353/574 647/852/347
f 392/855/224 104/849/104 860/354/416 1375/353/574
f 455/856/251 1376/349/575 549/352/300 47/846/47
f 167/853/131 861/356/417 1376/349/575 455/856/251
f 861/356/417 313/355/196 859/350/415 1376/349/575
f 856/342/351 1377/345/351 858/348/135 312/343/135
f 152/857/14 632/858/14 1377/345/351 856/342/351
f 632/858/14 14/838/14 652/346/351 1377/345/351
f 740/358/395 1378/341/351 857/344/135 260/359/179
f 32/851/32 440/859/14 1378/341/351 740/358/395
f 440/859/14 152/857/14 856/342/351 1378/341/351
f 548/138/299 1379/337/255 550/340/52 91/139/91
f 260/359/179 857/344/135 1379/337/255 548/138/299
f 857/344/135 312/343/135 855/338/255 1379/337/255
f 852/330/412 1380/333/576 854/336/414 311/331/195
f 265/315/182 745/152/398 1380/333/576 852/330/412
f 745/152/398 92/151/92 743/334/397 1380/333/576
f 587/860/323 1381/329/577 853/332/413 107/861/107
f 35/862/35 553/316/302 1381/329/577 587/860/323
f 553/316/302 265/315/182 852/330/412 1381/329/577
f 395/863/227 1382/325/578 650/328/350 6/864/6
f 107/861/107 853/332/413 1382/325/578 395/863/227
f 853/332/413 311/331/195 851/326/411 1382/325/578
f 848/318/112 1383/321/328 850/324/328 310/319/112
f 125/363/112 605/136/328 1383/321/328 848/318/112
f 605/136/328 53/135/53 744/322/53 1383/321/328
f 635/865/17 1384/317/232 849/320/232 155/866/17
f 17/848/17 413/364/232 1384/317/232 635/865/17
f 413/364/232 125/363/112 848/318/112 1384/317/232
f 443/867/17 1385/313/232 553/316/302 35/862/35
f 155/866/17 849/320/232 1385/313/232 443/867/17
f 849/320/232 310/319/112 847/314/112 1385/313/232
f 844/306/21 1386/309/21 846/312/21 309/307/21
f 173/711/21 653/20/21 1386/309/21 844/306/21
f 653/20/21 21/19/21 651/310/21 1386/309/21
f 744/322/53 1387/305/21 845/308/21 264/323/53
f 53/135/53 461/712/21 1387/305/21 744/322/53
f 461/712/21 173/711/21 844/306/21 1387/305/21
f 552/150/53 1388/301/21 554/304/51 92/151/92
f 264/323/53 845/308/21 1388/301/21 552/150/53
f 845/308/21 309/307/21 843/302/21 1388/301/21
f 840/294/327 1389/297/327 842/300/111 308/295/111
f 269/279/51 749/164/51 1389/297/327 840/294/327
f 749/164/51 93/163/93 747/298/399 1389/297/327
f 603/730/327 1390/293/327 841/296/111 123/731/111
f 51/155/51 557/280/51 1390/293/327 603/730/327
f 557/280/51 269/279/51 840/294/327 1390/293/327
f 411/14/231 1391/289/231 638/292/20 20/15/20
f 123/731/111 841/296/111 1391/289/231 411/14/231
f 841/296/111 308/295/111 839/290/231 1391/289/231
f 836/282/21 1392/285/21 838/288/21 307/283/21
f 126/399/21 606/124/21 1392/285/21 836/282/21
f 606/124/21 54/123/54 748/286/54 1392/285/21
f 651/310/21 1393/281/21 837/284/21 171/311/21
f 21/19/21 414/400/21 1393/281/21 651/310/21
f 414/400/21 126/399/21 836/282/21 1393/281/21
f 459/154/21 1394/277/21 557/280/51 51/155/51
f 171/311/21 837/284/21 1394/277/21 459/154/21
f 837/284/21 307/283/21 835/278/21 1394/277/21
f 832/270/136 1395/273/352 834/276/352 306/271/136
f 174/699/136 654/24/352 1395/273/352 832/270/136
f 654/24/352 11/23/11 401/274/11 1395/273/352
f 748/286/54 1396/269/256 833/272/256 268/287/54
f 54/123/54 462/700/256 1396/269/256 748/286/54
f 462/700/256 174/699/136 832/270/136 1396/269/256
f 556/162/54 1397/265/256 558/268/304 93/163/93
f 268/287/54 833/272/256 1397/265/256 556/162/54
f 833/272/256 306/271/136 831/266/136 1397/265/256
f 828/258/329 1398/261/329 830/264/113 305/259/113
f 273/243/55 753/176/55 1398/261/329 828/258/329
f 753/176/55 94/175/94 751/262/401 1398/261/329
f 607/694/329 1399/257/329 829/260/113 127/695/113
f 55/119/55 561/244/55 1399/257/329 607/694/329
f 561/244/55 273/243/55 828/258/329 1399/257/329
f 415/26/233 1400/253/233 637/256/19 19/27/19
f 127/695/113 829/260/113 1400/253/233 415/26/233
f 829/260/113 305/259/113 827/254/233 1400/253/233
f 824/246/22 1401/249/22 826/252/22 304/247/22
f 130/507/22 610/88/22 1401/249/22 824/246/22
f 610/88/22 58/87/58 752/250/58 1401/249/22
f 655/418/22 1402/245/22 825/248/22 175/419/22
f 22/31/22 418/508/22 1402/245/22 655/418/22
f 418/508/22 130/507/22 824/246/22 1402/245/22
f 463/118/22 1403/241/22 561/244/55 55/119/55
f 175/419/22 825/248/22 1403/241/22 463/118/22
f 825/248/22 304/247/22 823/242/22 1403/241/22
f 820/234/138 1404/237/354 822/240/354 303/235/138
f 178/663/138 658/36/354 1404/237/354 820/234/138
f 658/36/354 16/35/16 406/238/16 1404/237/354
f 752/250/58 1405/233/258 821/236/258 272/251/58
f 58/87/58 466/664/258 1405/233/258 752/250/58
f 466/664/258 178/663/138 820/234/138 1405/233/258
f 560/174/58 1406/229/258 562/232/306 94/175/94
f 272/251/58 821/236/258 1406/229/258 560/174/58
f 821/236/258 303/235/138 819/230/138 1406/229/258
f 816/222/331 1407/225/331 818/228/115 302/223/115
f 277/207/59 757/188/59 1407/225/331 816/222/331
f 757/188/59 95/187/95 755/226/403 1407/225/331
f 611/658/331 1408/221/331 817/224/115 131/659/115
f 59/83/59 565/208/59 1408/221/331 611/658/331
f 565/208/59 277/207/59 816/222/331 1408/221/331
f 419/38/235 1409/217/235 628/220/10 10/39/10
f 131/659/115 817/224/115 1409/217/235 419/38/235
f 817/224/115 302/223/115 815/218/235 1409/217/235
f 812/210/23 1410/213/23 814/216/23 301/211/23
f 134/615/23 614/52/23 1410/213/23 812/210/23
f 614/52/23 62/51/62 756/214/62 1410/213/23
f 659/526/23 1411/209/23 813/212/23 179/527/23
f 23/43/23 422/616/23 1411/209/23 659/526/23
f 422/616/23 134/615/23 812/210/23 1411/209/23
f 467/82/23 1412/205/23 565/208/59 59/83/59
f 179/527/23 813/212/23 1412/205/23 467/82/23
f 813/212/23 301/211/23 811/206/23 1412/205/23
f 808/198/140 1413/201/356 810/204/356 300/199/140
f 182/627/140 662/48/356 1413/201/356 808/198/140
f 662/48/356 20/47/20 638/202/20 1413/201/356
f 756/214/62 1414/197/260 809/200/260 276/215/62
f 62/51/62 470/628/260 1414/197/260 756/214/62
f 470/628/260 182/627/140 808/198/140 1414/197/260
f 564/186/62 1415/193/260 566/196/308 95/187/95
f 276/215/62 809/200/260 1415/193/260 564/186/62
f 809/200/260 300/199/140 807/194/140 1415/193/260
f 804/222/333 1416/225/333 806/228/117 299/223/117
f 281/207/63 761/188/63 1416/225/333 804/222/333
f 761/188/63 96/187/96 759/226/405 1416/225/333
f 615/658/333 1417/221/333 805/224/117 135/659/117
f 63/83/63 569/208/63 1417/221/333 615/658/333
f 569/208/63 281/207/63 804/222/333 1417/221/333
f 423/38/237 1418/217/237 408/220/18 18/39/18
f 135/659/117 805/224/117 1418/217/237 423/38/237
f 805/224/117 299/223/117 803/218/237 1418/217/237
f 800/210/24 1419/213/24 802/216/24 298/211/24
f 138/615/24 618/52/24 1419/213/24 800/210/24
f 618/52/24 66/51/66 760/214/66 1419/213/24
f 663/526/24 1420/209/24 801/212/24 183/527/24
f 24/43/24 426/616/24 1420/209/24 663/526/24
f 426/616/24 138/615/24 800/210/24 1420/209/24
f 471/82/24 1421/205/24 569/208/63 63/83/63
f 183/527/24 801/212/24 1421/205/24 471/82/24
f 801/212/24 298/211/24 799/206/24 1421/205/24
f 796/198/142 1422/201/358 798/204/358 297/199/142
f 186/627/142 666/48/358 1422/201/358 796/198/142
f 666/48/358 17/47/17 635/202/17 1422/201/358
f 760/214/66 1423/197/262 797/200/262 280/215/66
f 66/51/66 474/628/262 1423/197/262 760/214/66
f 474/628/262 186/627/142 796/198/142 1423/197/262
f 568/186/66 1424/193/262 570/196/310 96/187/96
f 280/215/66 797/200/262 1424/193/262 568/186/66
f 797/200/262 297/199/142 795/194/142 1424/193/262
f 792/222/335 1425/225/335 794/228/119 296/223/119
f 285/207/67 765/188/67 1425/225/335 792/222/335
f 765/188/67 97/187/97 763/226/407 1425/225/335
f 619/658/335 1426/221/335 793/224/119 139/659/119
f 67/83/67 573/208/67 1426/221/335 619/658/335
f 573/208/67 285/207/67 792/222/335 1426/221/335
f 427/38/239 1427/217/239 405/220/15 15/39/15
f 139/659/119 793/224/119 1427/217/239 427/38/239
f 793/224/119 296/223/119 791/218/239 1427/217/239
f 788/210/25 1428/213/25 790/216/25 295/211/25
f 142/615/25 622/52/25 1428/213/25 788/210/25
f 622/52/25 70/51/70 764/214/70 1428/213/25
f 667/526/25 1429/209/25 789/212/25 187/527/25
f 25/43/25 430/616/25 1429/209/25 667/526/25
f 430/616/25 142/615/25 788/210/25 1429/209/25
f 475/82/25 1430/205/25 573/208/67 67/83/67
f 187/527/25 789/212/25 1430/205/25 475/82/25
f 789/212/25 295/211/25 787/206/25 1430/205/25
f 784/198/144 1431/201/360 786/204/360 294/199/144
f 190/627/144 670/48/360 1431/201/360 784/198/144
f 670/48/360 14/47/14 632/202/14 1431/201/360
f 764/214/70 1432/197/264 785/200/264 284/215/70
f 70/51/70 478/628/264 1432/197/264 764/214/70
f 478/628/264 190/627/144 784/198/144 1432/197/264
f 572/186/70 1433/193/264 574/196/312 97/187/97
f 284/215/70 785/200/264 1433/193/264 572/186/70
f 785/200/264 294/199/144 783/194/144 1433/193/264
f 780/222/337 1434/225/337 782/228/121 293/223/121
f 289/207/71 769/188/71 1434/225/337 780/222/337
f 769/188/71 98/187/98 767/226/409 1434/225/337
f 623/658/337 1435/221/337 781/224/121 143/659/121
f 71/83/71 577/208/71 1435/221/337 623/658/337
f 577/208/71 289/207/71 780/222/337 1435/221/337
f 431/38/241 1436/217/241 402/220/12 12/39/12
f 143/659/121 781/224/121 1436/217/241 431/38/241
f 781/224/121 293/223/121 779/218/241 1436/217/241
f 776/210/26 1437/213/26 778/216/26 292/211/26
f 146/615/26 626/52/26 1437/213/26 776/210/26
f 626/52/26 74/51/74 768/214/74 1437/213/26
f 671/526/26 1438/209/26 777/212/26 191/527/26
f 26/43/26 434/616/26 1438/209/26 671/526/26
f 434/616/26 146/615/26 776/210/26 1438/209/26
f 479/82/26 1439/205/26 577/208/71 71/83/71
f 191/527/26 777/212/26 1439/205/26 479/82/26
f 777/212/26 292/211/26 775/206/26 1439/205/26
f 772/198/146 1440/201/362 774/204/362 291/199/146
f 194/627/146 674/48/362 1440/201/362 772/198/146
f 674/48/362 11/47/11 629/202/11 1440/201/362
f 768/214/74 1441/197/266 773/200/266 288/215/74
f 74/51/74 482/628/266 1441/197/266 768/214/74
f 482/628/266 194/627/146 772/198/146 1441/197/266
f 576/186/74 1442/193/266 578/196/314 98/187/98
f 288/215/74 773/200/266 1442/193/266 576/186/74
f 773/200/266 291/199/146 771/194/146 1442/193/266
f 771/194/146 1443/189/362 770/192/410 290/195/194
f 291/199/146 774/204/362 1443/189/362 771/194/146
f 774/204/362 149/203/11 437/190/11 1443/189/362
f 775/206/26 1444/185/26 769/188/71 289/207/71
f 292/211/26 778/216/26 1444/185/26 775/206/26
f 778/216/26 288/215/74 576/186/74 1444/185/26
f 779/218/241 1445/181/241 594/184/12 114/219/12
f 293/223/121 782/228/121 1445/181/241 779/218/241
f 782/228/121 287/227/193 575/182/313 1445/181/241
f 783/194/144 1446/189/360 766/192/408 286/195/192
f 294/199/144 786/204/360 1446/189/360 783/194/144
f 786/204/360 152/203/14 440/190/14 1446/189/360
f 787/206/25 1447/185/25 765/188/67 285/207/67
f 295/211/25 790/216/25 1447/185/25 787/206/25
f 790/216/25 284/215/70 572/186/70 1447/185/25
f 791/218/239 1448/181/239 597/184/15 117/219/15
f 296/223/119 794/228/119 1448/181/239 791/218/239
f 794/228/119 283/227/191 571/182/311 1448/181/239
f 795/194/142 1449/189/358 762/192/406 282/195/190
f 297/199/142 798/204/358 1449/189/358 795/194/142
f 798/204/358 155/203/17 443/190/17 1449/189/358
f 799/206/24 1450/185/24 761/188/63 281/207/63
f 298/211/24 802/216/24 1450/185/24 799/206/24
f 802/216/24 280/215/66 568/186/66 1450/185/24
f 803/218/237 1451/181/237 600/184/18 120/219/18
f 299/223/117 806/228/117 1451/181/237 803/218/237
f 806/228/117 279/227/189 567/182/309 1451/181/237
f 807/194/140 1452/189/356 758/192/404 278/195/188
f 300/199/140 810/204/356 1452/189/356 807/194/140
f 810/204/356 158/203/20 446/190/20 1452/189/356
f 811/206/23 1453/185/23 757/188/59 277/207/59
f 301/211/23 814/216/23 1453/185/23 811/206/23
f 814/216/23 276/215/62 564/186/62 1453/185/23
f 815/218/235 1454/181/235 436/184/10 148/219/10
f 302/223/115 818/228/115 1454/181/235 815/218/235
f 818/228/115 275/227/187 563/182/307 1454/181/235
f 819/230/138 1455/177/354 754/180/402 274/231/186
f 303/235/138 822/240/354 1455/177/354 819/230/138
f 822/240/354 118/239/16 598/178/16 1455/177/354
f 823/242/22 1456/173/22 753/176/55 273/243/55
f 304/247/22 826/252/22 1456/173/22 823/242/22
f 826/252/22 272/251/58 560/174/58 1456/173/22
f 827/254/233 1457/169/233 445/172/19 157/255/19
f 305/259/113 830/264/113 1457/169/233 827/254/233
f 830/264/113 271/263/185 559/170/305 1457/169/233
f 831/266/136 1458/165/352 750/168/400 270/267/184
f 306/271/136 834/276/352 1458/165/352 831/266/136
f 834/276/352 113/275/11 593/166/11 1458/165/352
f 835/278/21 1459/161/21 749/164/51 269/279/51
f 307/283/21 838/288/21 1459/161/21 835/278/21
f 838/288/21 268/287/54 556/162/54 1459/161/21
f 839/290/231 1460/157/231 446/160/20 158/291/20
f 308/295/111 842/300/111 1460/157/231 839/290/231
f 842/300/111 267/299/183 555/158/303 1460/157/231
f 843/302/21 1461/153/21 746/156/51 266/303/51
f 309/307/21 846/312/21 1461/153/21 843/302/21
f 846/312/21 171/311/21 459/154/21 1461/153/21
f 847/314/112 1462/149/328 745/152/398 265/315/182
f 310/319/112 850/324/328 1462/149/328 847/314/112
f 850/324/328 264/323/53 552/150/53 1462/149/328
f 851/326/411 1463/145/579 458/148/254 170/327/134
f 311/331/195 854/336/414 1463/145/579 851/326/411
f 854/336/414 263/335/181 551/146/301 1463/145/579
f 855/338/255 1464/141/255 742/144/52 262/339/52
f 312/343/135 858/348/135 1464/141/255 855/338/255
f 858/348/135 172/347/135 460/142/255 1464/141/255
f 859/350/415 1465/137/580 741/140/396 261/351/180
f 313/355/196 862/360/418 1465/137/580 859/350/415
f 862/360/418 260/359/179 548/138/299 1465/137/580
f 863/362/112 1466/133/328 605/136/328 125/363/112
f 314/367/112 866/372/328 1466/133/328 863/362/112
f 866/372/328 259/371/53 547/134/53 1466/133/328
f 867/374/419 1467/129/581 738/132/394 258/375/178
f 315/379/197 870/384/422 1467/129/581 867/374/419
f 870/384/422 101/383/101 581/130/317 1467/129/581
f 871/386/255 1468/125/255 737/128/52 257/387/52
f 316/391/135 874/396/135 1468/125/255 871/386/255
f 874/396/135 256/395/177 544/126/297 1468/125/255
f 875/398/21 1469/121/21 606/124/21 126/399/21
f 317/403/21 878/408/21 1469/121/21 875/398/21
f 878/408/21 255/407/54 543/122/54 1469/121/21
f 879/410/22 1470/117/22 734/120/55 254/411/55
f 318/415/22 882/420/22 1470/117/22 879/410/22
f 882/420/22 175/419/22 463/118/22 1470/117/22
f 883/422/114 1471/113/330 733/116/392 253/423/176
f 319/427/114 886/432/330 1471/113/330 883/422/114
f 886/432/330 252/431/57 540/114/57 1471/113/330
f 887/434/423 1472/109/582 457/112/253 169/435/133
f 320/439/198 890/444/426 1472/109/582 887/434/423
f 890/444/426 251/443/175 539/110/295 1472/109/582
f 891/446/257 1473/105/257 730/108/56 250/447/56
f 321/451/137 894/456/137 1473/105/257 891/446/257
f 894/456/137 176/455/137 464/106/257 1473/105/257
f 895/458/427 1474/101/583 729/104/390 249/459/174
f 322/463/199 898/468/430 1474/101/583 895/458/427
f 898/468/430 248/467/173 536/102/293 1474/101/583
f 899/470/114 1475/97/330 609/100/330 129/471/114
f 323/475/114 902/480/330 1475/97/330 899/470/114
f 902/480/330 247/479/57 535/98/57 1475/97/330
f 903/482/431 1476/93/584 726/96/388 246/483/172
f 324/487/200 906/492/434 1476/93/584 903/482/431
f 906/492/434 106/491/106 586/94/322 1476/93/584
f 907/494/257 1477/89/257 725/92/56 245/495/56
f 325/499/137 910/504/137 1477/89/257 907/494/257
f 910/504/137 244/503/171 532/90/291 1477/89/257
f 911/506/22 1478/85/22 610/88/22 130/507/22
f 326/511/22 914/516/22 1478/85/22 911/506/22
f 914/516/22 243/515/58 531/86/58 1478/85/22
f 915/518/23 1479/81/23 722/84/59 242/519/59
f 327/523/23 918/528/23 1479/81/23 915/518/23
f 918/528/23 179/527/23 467/82/23 1479/81/23
f 919/530/116 1480/77/332 721/80/386 241/531/170
f 328/535/116 922/540/332 1480/77/332 919/530/116
f 922/540/332 240/539/61 528/78/61 1480/77/332
f 923/542/435 1481/73/585 448/76/244 160/543/124
f 329/547/201 926/552/438 1481/73/585 923/542/435
f 926/552/438 239/551/169 527/74/289 1481/73/585
f 927/554/259 1482/69/259 718/72/60 238/555/60
f 330/559/139 930/564/139 1482/69/259 927/554/259
f 930/564/139 180/563/139 468/70/259 1482/69/259
f 931/566/439 1483/65/586 717/68/384 237/567/168
f 331/571/202 934/576/442 1483/65/586 931/566/439
f 934/576/442 236/575/167 524/66/287 1483/65/586
f 935/578/116 1484/61/332 613/64/332 133/579/116
f 332/583/116 938/588/332 1484/61/332 935/578/116
f 938/588/332 235/587/61 523/62/61 1484/61/332
f 939/590/443 1485/57/587 714/60/382 234/591/166
f 333/595/203 942/600/446 1485/57/587 939/590/443
f 942/600/446 170/599/134 458/58/254 1485/57/587
f 943/602/259 1486/53/259 713/56/60 233/603/60
f 334/607/139 946/612/139 1486/53/259 943/602/259
f 946/612/139 232/611/165 520/54/285 1486/53/259
f 947/614/23 1487/49/23 614/52/23 134/615/23
f 335/619/23 950/624/23 1487/49/23 947/614/23
f 950/624/23 231/623/62 519/50/62 1487/49/23
f 951/518/24 1488/81/24 710/84/63 230/519/63
f 336/523/24 954/528/24 1488/81/24 951/518/24
f 954/528/24 183/527/24 471/82/24 1488/81/24
f 955/530/118 1489/77/334 709/80/380 229/531/164
f 337/535/118 958/540/334 1489/77/334 955/530/118
f 958/540/334 228/539/65 516/78/65 1489/77/334
f 959/542/447 1490/73/588 588/76/324 108/543/108
f 338/547/204 962/552/450 1490/73/588 959/542/447
f 962/552/450 227/551/163 515/74/283 1490/73/588
f 963/554/261 1491/69/261 706/72/64 226/555/64
f 339/559/141 966/564/141 1491/69/261 963/554/261
f 966/564/141 184/563/141 472/70/261 1491/69/261
f 967/566/451 1492/65/589 705/68/378 225/567/162
f 340/571/205 970/576/454 1492/65/589 967/566/451
f 970/576/454 224/575/161 512/66/281 1492/65/589
f 971/578/118 1493/61/334 617/64/334 137/579/118
f 341/583/118 974/588/334 1493/61/334 971/578/118
f 974/588/334 223/587/65 511/62/65 1493/61/334
f 975/590/455 1494/57/590 702/60/376 222/591/160
f 342/595/206 978/600/458 1494/57/590 975/590/455
f 978/600/458 167/599/131 455/58/251 1494/57/590
f 979/602/261 1495/53/261 701/56/64 221/603/64
f 343/607/141 982/612/141 1495/53/261 979/602/261
f 982/612/141 220/611/159 508/54/279 1495/53/261
f 983/614/24 1496/49/24 618/52/24 138/615/24
f 344/619/24 986/624/24 1496/49/24 983/614/24
f 986/624/24 219/623/66 507/50/66 1496/49/24
f 987/518/25 1497/81/25 698/84/67 218/519/67
f 345/523/25 990/528/25 1497/81/25 987/518/25
f 990/528/25 187/527/25 475/82/25 1497/81/25
f 991/530/120 1498/77/336 697/80/374 217/531/158
f 346/535/120 994/540/336 1498/77/336 991/530/120
f 994/540/336 216/539/69 504/78/69 1498/77/336
f 995/542/459 1499/73/591 585/76/321 105/543/105
f 347/547/207 998/552/462 1499/73/591 995/542/459
f 998/552/462 215/551/157 503/74/277 1499/73/591
f 999/554/263 1500/69/263 694/72/68 214/555/68
f 348/559/143 1002/564/143 1500/69/263 999/554/263
f 1002/564/143 188/563/143 476/70/263 1500/69/263
f 1003/566/463 1501/65/592 693/68/372 213/567/156
f 349/571/208 1006/576/466 1501/65/592 1003/566/463
f 1006/576/466 212/575/155 500/66/275 1501/65/592
f 1007/578/120 1502/61/336 621/64/336 141/579/120
f 350/583/120 1010/588/336 1502/61/336 1007/578/120
f 1010/588/336 211/587/69 499/62/69 1502/61/336
f 1011/590/467 1503/57/593 690/60/370 210/591/154
f 351/595/209 1014/600/470 1503/57/593 1011/590/467
f 1014/600/470 164/599/128 452/58/248 1503/57/593
f 1015/602/263 1504/53/263 689/56/68 209/603/68
f 352/607/143 1018/612/143 1504/53/263 1015/602/263
f 1018/612/143 208/611/153 496/54/273 1504/53/263
f 1019/614/25 1505/49/25 622/52/25 142/615/25
f 353/619/25 1022/624/25 1505/49/25 1019/614/25
f 1022/624/25 207/623/70 495/50/70 1505/49/25
f 1023/518/26 1506/81/26 686/84/71 206/519/71
f 354/523/26 1026/528/26 1506/81/26 1023/518/26
f 1026/528/26 191/527/26 479/82/26 1506/81/26
f 1027/530/122 1507/77/338 685/80/368 205/531/152
f 355/535/122 1030/540/338 1507/77/338 1027/530/122
f 1030/540/338 204/539/73 492/78/73 1507/77/338
f 1031/542/471 1508/73/594 582/76/318 102/543/102
f 356/547/210 1034/552/474 1508/73/594 1031/542/471
f 1034/552/474 203/551/151 491/74/271 1508/73/594
f 1035/554/265 1509/69/265 682/72/72 202/555/72
f 357/559/145 1038/564/145 1509/69/265 1035/554/265
f 1038/564/145 192/563/145 480/70/265 1509/69/265
f 1039/566/475 1510/65/595 681/68/366 201/567/150
f 358/571/211 1042/576/478 1510/65/595 1039/566/475
f 1042/576/478 200/575/149 488/66/269 1510/65/595
f 1043/578/122 1511/61/338 625/64/338 145/579/122
f 359/583/122 1046/588/338 1511/61/338 1043/578/122
f 1046/588/338 199/587/73 487/62/73 1511/61/338
f 1047/590/479 1512/57/596 678/60/364 198/591/148
f 360/595/212 1050/600/482 1512/57/596 1047/590/479
f 1050/600/482 161/599/125 449/58/245 1512/57/596
f 1051/602/265 1513/53/265 677/56/72 197/603/72
f 361/607/145 1054/612/145 1513/53/265 1051/602/265
f 1054/612/145 196/611/147 484/54/267 1513/53/265
f 1055/614/26 1514/49/26 626/52/26 146/615/26
f 362/619/26 1058/624/26 1514/49/26 1055/614/26
f 1058/624/26 195/623/74 483/50/74 1514/49/26
f 1059/626/146 1515/45/362 674/48/362 194/627/146
f 363/631/146 1062/636/362 1515/45/362 1059/626/146
f 1062/636/362 113/635/11 401/46/11 1515/45/362
f 1063/638/26 1516/41/26 673/44/26 193/639/26
f 364/643/26 1066/648/26 1516/41/26 1063/638/26
f 1066/648/26 144/647/26 432/42/26 1516/41/26
f 1067/650/241 1517/37/241 630/40/12 150/651/12
f 365/655/121 1070/660/121 1517/37/241 1067/650/241
f 1070/660/121 143/659/121 431/38/241 1517/37/241
f 1071/626/144 1518/45/360 670/48/360 190/627/144
f 366/631/144 1074/636/360 1518/45/360 1071/626/144
f 1074/636/360 116/635/14 404/46/14 1518/45/360
f 1075/638/25 1519/41/25 669/44/25 189/639/25
f 367/643/25 1078/648/25 1519/41/25 1075/638/25
f 1078/648/25 140/647/25 428/42/25 1519/41/25
f 1079/650/239 1520/37/239 633/40/15 153/651/15
f 368/655/119 1082/660/119 1520/37/239 1079/650/239
f 1082/660/119 139/659/119 427/38/239 1520/37/239
f 1083/626/142 1521/45/358 666/48/358 186/627/142
f 369/631/142 1086/636/358 1521/45/358 1083/626/142
f 1086/636/358 119/635/17 407/46/17 1521/45/358
f 1087/638/24 1522/41/24 665/44/24 185/639/24
f 370/643/24 1090/648/24 1522/41/24 1087/638/24
f 1090/648/24 136/647/24 424/42/24 1522/41/24
f 1091/650/237 1523/37/237 636/40/18 156/651/18
f 371/655/117 1094/660/117 1523/37/237 1091/650/237
f 1094/660/117 135/659/117 423/38/237 1523/37/237
f 1095/626/140 1524/45/356 662/48/356 182/627/140
f 372/631/140 1098/636/356 1524/45/356 1095/626/140
f 1098/636/356 122/635/20 410/46/20 1524/45/356
f 1099/638/23 1525/41/23 661/44/23 181/639/23
f 373/643/23 1102/648/23 1525/41/23 1099/638/23
f 1102/648/23 132/647/23 420/42/23 1525/41/23
f 1103/650/235 1526/37/235 400/40/10 112/651/10
f 374/655/115 1106/660/115 1526/37/235 1103/650/235
f 1106/660/115 131/659/115 419/38/235 1526/37/235
f 1107/662/138 1527/33/354 658/36/354 178/663/138
f 375/667/138 1110/672/354 1527/33/354 1107/662/138
f 1110/672/354 154/671/16 634/34/16 1527/33/354
f 1111/674/22 1528/29/22 657/32/22 177/675/22
f 376/679/22 1114/684/22 1528/29/22 1111/674/22
f 1114/684/22 128/683/22 416/30/22 1528/29/22
f 1115/686/233 1529/25/233 409/28/19 121/687/19
f 377/691/113 1118/696/113 1529/25/233 1115/686/233
f 1118/696/113 127/695/113 415/26/233 1529/25/233
f 1119/698/136 1530/21/352 654/24/352 174/699/136
f 378/703/136 1122/708/352 1530/21/352 1119/698/136
f 1122/708/352 149/707/11 629/22/11 1530/21/352
f 1123/710/21 1531/17/21 653/20/21 173/711/21
f 379/715/21 1126/720/21 1531/17/21 1123/710/21
f 1126/720/21 124/719/21 412/18/21 1531/17/21
f 1127/722/231 1532/13/231 410/16/20 122/723/20
f 380/727/111 1130/732/111 1532/13/231 1127/722/231
f 1130/732/111 123/731/111 411/14/231 1532/13/231
f 1131/734/483 1533/9/597 398/12/230 110/735/110
f 381/739/213 1134/744/486 1533/9/597 1131/734/483
f 1134/744/486 161/743/125 641/10/341 1533/9/597
f 1135/746/487 1534/5/598 397/8/229 109/747/109
f 382/751/214 1138/756/490 1534/5/598 1135/746/487
f 1138/756/490 166/755/130 646/6/346 1534/5/598
f 1139/758/491 1535/1/599 388/4/220 100/759/100
f 383/763/215 1142/768/494 1535/1/599 1139/758/491
f 1142/768/494 110/767/110 398/2/230 1535/1/599
f 1143/758/495 1536/1/600 648/4/348 168/759/132
f 384/763/216 1146/768/498 1536/1/600 1143/758/495
f 1146/768/498 107/767/107 395/2/227 1536/1/600
f 1147/758/499 1537/1/601 645/4/345 165/759/129
f 385/763/217 1150/768/502 1537/1/601 1147/758/499
f 1150/768/502 104/767/104 392/2/224 1537/1/601
f 1151/758/503 1538/1/602 642/4/342 162/759/126
f 386/763/218 1154/768/506 1538/1/602 1151/758/503
f 1154/768/506 101/767/101 389/2/221 1538/1/602
